Timestamp;S [VA] - SM4000P (ADDR=1 CONN=192.168.0.128);Status [] - SM4000P (ADDR=1 CONN=192.168.0.128);Ierr DC [mA] - SM4000P (ADDR=1 CONN=192.168.0.128);cos? [rad] - SM4000P (ADDR=1 CONN=192.168.0.128);Vac 10min [V] - SM4000P (ADDR=1 CONN=192.168.0.128);Iac [A] - SM4000P (ADDR=1 CONN=192.168.0.128);Idc 1 [A] - SM4000P (ADDR=1 CONN=192.168.0.128);Frequency [Hz] - SM4000P (ADDR=1 CONN=192.168.0.128);Warnings [] - SM4000P (ADDR=1 CONN=192.168.0.128);Pdc [W] - SM4000P (ADDR=1 CONN=192.168.0.128);Pdc  1 [W] - SM4000P (ADDR=1 CONN=192.168.0.128);Pac [W] - SM4000P (ADDR=1 CONN=192.168.0.128);Ierr [mA] - SM4000P (ADDR=1 CONN=192.168.0.128);Idc [A] - SM4000P (ADDR=1 CONN=192.168.0.128);Temperature max. [°C] - SM4000P (ADDR=1 CONN=192.168.0.128);Iac mean [A] - SM4000P (ADDR=1 CONN=192.168.0.128);Pdc  2 [W] - SM4000P (ADDR=1 CONN=192.168.0.128);Vdc 2 [V] - SM4000P (ADDR=1 CONN=192.168.0.128);Q [var] - SM4000P (ADDR=1 CONN=192.168.0.128);Idc 2 [A] - SM4000P (ADDR=1 CONN=192.168.0.128);Vdc 1 [V] - SM4000P (ADDR=1 CONN=192.168.0.128);Vac [V] - SM4000P (ADDR=1 CONN=192.168.0.128)
2014-10-12 09:29:52:997;2707.0;20008.0;2.0;0.0;244.5;11.12;6.3;50.03;0.0;2775.0;1373.0;2717.0;10.2;12.72;45.0;0.02;1402.0;218.4;0.0;6.42;218.0;244.3
2014-10-12 09:29:58:005;2718.0;20008.0;2.0;0.0;244.5;10.8;6.3;50.05;0.0;2775.0;1373.0;2711.0;10.2;12.72;45.0;0.0;1402.0;220.3;0.0;6.42;220.0;244.7
2014-10-12 09:30:03:012;2708.0;20008.0;1.9;0.0;244.5;11.11;6.35;50.05;0.0;2774.0;1373.0;2716.0;10.1;12.83;45.0;0.0;1401.0;216.4;0.0;6.48;216.0;244.8
2014-10-12 09:30:08:020;2715.0;20008.0;2.0;0.0;244.5;10.81;6.24;50.03;0.0;2773.0;1372.0;2722.0;10.2;12.6;45.0;0.0;1401.0;220.3;0.0;6.36;219.9;244.3
2014-10-12 09:30:13:027;2715.0;20008.0;2.0;0.0;244.5;10.8;6.35;50.01;0.0;2777.0;1374.0;2716.0;10.2;12.83;45.0;0.0;1403.0;216.6;0.0;6.48;216.2;244.3
2014-10-12 09:30:18:035;2706.0;20008.0;2.0;0.0;244.4;10.8;6.35;49.99;0.0;2777.0;1374.0;2716.0;10.2;12.82;45.0;0.0;1403.0;216.9;0.0;6.47;216.5;244.2
2014-10-12 09:30:23:043;2714.0;20008.0;2.0;0.0;244.4;10.76;6.27;50.0;0.0;2775.0;1373.0;2716.0;10.2;12.67;45.0;0.0;1402.0;219.1;9.0;6.4;218.7;244.3
2014-10-12 09:30:28:050;2722.0;20008.0;2.0;0.0;244.4;10.86;6.31;50.01;0.0;2777.0;1374.0;2715.0;10.2;12.74;45.0;0.0;1403.0;218.3;0.0;6.43;218.0;244.3
2014-10-12 09:30:33:058;2711.0;20008.0;2.1;0.0;244.4;10.92;6.18;50.0;0.0;2777.0;1371.0;2712.0;10.3;12.48;45.0;0.0;1400.0;220.3;0.0;6.3;220.0;244.3
2014-10-12 09:30:38:065;2707.0;20008.0;2.1;0.0;244.4;10.89;6.25;49.99;0.0;2779.0;1375.0;2720.0;10.3;12.62;45.0;0.0;1404.0;220.3;0.0;6.37;220.0;244.3
2014-10-12 09:30:43:073;2717.0;20008.0;2.0;0.0;244.4;10.76;6.25;49.98;0.0;2779.0;1375.0;2729.0;10.3;12.62;45.0;0.04;1404.0;220.3;0.0;6.37;220.0;244.0
2014-10-12 09:30:48:081;2713.0;20008.0;2.0;0.0;244.4;10.92;6.37;49.98;0.0;2782.0;1376.0;2726.0;10.2;12.87;45.0;0.0;1406.0;216.4;0.0;6.5;216.0;244.3
2014-10-12 09:30:53:088;2711.0;20008.0;2.1;0.0;244.4;11.07;6.26;49.99;0.0;2781.0;1376.0;2726.0;10.1;12.64;45.0;0.0;1405.0;220.3;0.0;6.38;219.9;244.5
2014-10-12 09:30:58:096;2711.0;20008.0;2.0;0.0;244.4;11.08;6.37;49.99;0.0;2783.0;1377.0;2717.0;10.2;12.86;45.0;0.0;1406.0;216.6;0.0;6.49;216.2;244.4
2014-10-12 09:31:03:103;2711.0;20008.0;2.0;0.0;244.4;11.15;6.27;49.98;0.0;2781.0;1376.0;2713.0;10.1;12.66;45.0;0.0;1405.0;219.8;0.0;6.39;219.4;244.0
2014-10-12 09:31:08:111;2718.0;20008.0;2.1;0.0;244.4;11.07;6.29;50.0;0.0;2781.0;1376.0;2718.0;10.2;12.7;45.0;0.0;1405.0;219.1;95.0;6.41;218.7;244.2
2014-10-12 09:31:13:119;2713.0;20008.0;2.0;0.0;244.4;11.12;6.32;50.01;0.0;2783.0;1377.0;2719.0;10.2;12.76;45.0;0.0;1406.0;217.1;0.0;6.44;216.8;244.3
2014-10-12 09:31:18:126;2709.0;20008.0;2.1;0.0;244.4;11.11;6.26;50.03;0.0;2781.0;1376.0;2728.0;10.1;12.64;45.0;0.0;1405.0;220.3;0.0;6.38;220.0;244.1
2014-10-12 09:31:23:134;2723.0;20008.0;2.1;0.0;244.4;10.78;6.38;50.05;0.0;2783.0;1377.0;2719.0;10.3;12.88;45.0;0.02;1406.0;216.4;0.0;6.5;216.0;244.8
2014-10-12 09:31:28:141;2714.0;20008.0;2.1;0.0;244.4;11.07;6.38;50.07;0.0;2783.0;1377.0;2729.0;10.2;12.88;45.0;0.04;1406.0;216.4;0.0;6.5;216.0;244.9
2014-10-12 09:31:33:149;2719.0;20008.0;2.1;0.0;244.4;10.97;6.26;50.05;0.0;2783.0;1377.0;2723.0;10.2;12.64;45.0;0.0;1406.0;220.3;1.0;6.38;219.9;244.2
2014-10-12 09:31:38:157;2712.0;20008.0;2.1;0.0;244.4;11.04;6.38;50.04;0.0;2785.0;1378.0;2728.0;10.2;12.88;45.0;0.0;1407.0;216.4;0.0;6.5;216.1;244.5
2014-10-12 09:31:43:164;2722.0;20008.0;2.1;0.0;244.4;10.79;6.27;50.04;0.0;2783.0;1377.0;2725.0;10.2;12.66;45.0;0.04;1406.0;220.2;0.0;6.39;219.8;244.4
2014-10-12 09:31:48:172;2724.0;20008.0;2.0;0.0;244.4;11.04;6.37;50.03;0.0;2785.0;1378.0;2722.0;10.2;12.86;45.0;0.05;1407.0;216.8;99.0;6.49;216.4;244.3
2014-10-12 09:31:53:179;2718.0;20008.0;2.1;0.0;244.4;11.12;6.35;50.03;0.0;2787.0;1379.0;2735.0;10.1;12.83;45.0;0.03;1408.0;217.8;0.0;6.48;217.5;244.2
2014-10-12 09:31:58:187;2725.0;20008.0;2.0;0.0;244.4;10.87;6.36;50.01;0.0;2786.0;1378.0;2735.0;10.2;12.84;45.0;0.0;1408.0;217.1;0.0;6.48;216.8;244.4
2014-10-12 09:32:03:195;2720.0;20008.0;2.1;0.0;244.4;10.86;6.27;49.99;0.0;2785.0;1378.0;2734.0;10.2;12.66;45.0;0.02;1407.0;220.3;0.0;6.39;220.0;244.2
2014-10-12 09:32:08:202;2722.0;20008.0;2.1;0.0;244.3;10.98;6.39;49.99;0.0;2789.0;1380.0;2731.0;10.2;12.9;45.0;0.05;1409.0;216.4;0.0;6.51;216.0;244.2
2014-10-12 09:32:13:210;2717.0;20008.0;2.1;0.0;244.3;11.03;6.27;50.01;0.0;2787.0;1379.0;2734.0;10.2;12.66;45.0;0.04;1408.0;220.3;0.0;6.39;220.0;244.2
2014-10-12 09:32:18:217;2733.0;20008.0;2.0;0.0;244.3;10.91;6.39;50.01;0.0;2791.0;1381.0;2734.0;10.2;12.91;45.0;0.04;1410.0;216.4;0.0;6.52;216.0;244.1
2014-10-12 09:32:23:225;2728.0;20008.0;2.1;0.0;244.3;10.84;6.27;49.99;0.0;2789.0;1380.0;2735.0;10.2;12.67;45.0;0.0;1409.0;220.3;0.0;6.4;219.9;244.1
2014-10-12 09:32:28:233;2731.0;20008.0;2.0;0.0;244.3;10.92;6.39;49.99;0.0;2793.0;1382.0;2738.0;10.2;12.91;45.0;0.01;1411.0;216.5;0.0;6.52;216.1;244.1
2014-10-12 09:32:33:240;2731.0;20008.0;2.0;0.0;244.3;10.91;6.39;50.0;0.0;2793.0;1382.0;2742.0;10.2;12.9;45.0;0.02;1411.0;218.2;0.0;6.51;217.8;244.4
2014-10-12 09:32:38:248;2738.0;20008.0;2.0;0.0;244.3;10.9;6.34;50.0;0.0;2793.0;1382.0;2741.0;10.2;12.8;45.0;0.01;1411.0;218.7;0.0;6.46;218.4;244.4
2014-10-12 09:32:43:255;2731.0;20008.0;2.0;0.0;244.3;10.88;6.32;50.01;0.0;2795.0;1383.0;2745.0;10.2;12.76;45.0;0.0;1412.0;219.4;0.0;6.44;219.1;244.3
2014-10-12 09:32:48:263;2740.0;20008.0;2.1;0.0;244.3;10.83;6.4;50.02;0.0;2796.0;1383.0;2740.0;10.3;12.92;45.0;0.0;1413.0;216.5;20.0;6.52;216.1;244.6
2014-10-12 09:32:53:270;2731.0;20008.0;2.1;0.0;244.3;11.03;6.4;50.03;0.0;2795.0;1383.0;2739.0;10.3;12.93;45.0;0.0;1412.0;216.4;101.0;6.53;216.0;244.6
2014-10-12 09:32:58:278;2727.0;20008.0;2.0;0.0;244.3;11.18;6.4;50.01;0.0;2795.0;1383.0;2738.0;10.2;12.93;45.0;0.02;1412.0;216.4;0.0;6.53;216.0;244.5
2014-10-12 09:33:03:286;2730.0;20008.0;2.0;0.0;244.3;11.16;6.41;50.01;0.0;2797.0;1384.0;2738.0;10.2;12.94;45.0;0.0;1413.0;216.4;0.0;6.53;216.0;244.7
2014-10-12 09:33:08:293;2736.0;20008.0;2.0;0.0;244.3;11.1;6.42;50.01;0.0;2801.0;1386.0;2750.0;10.2;12.96;45.0;0.0;1415.0;216.4;0.0;6.54;216.0;244.5
2014-10-12 09:33:13:301;2737.0;20008.0;2.0;0.0;244.2;11.13;6.42;49.99;0.0;2803.0;1387.0;2742.0;10.2;12.96;45.0;0.05;1416.0;216.5;0.0;6.54;216.1;244.4
2014-10-12 09:33:18:308;2738.0;20008.0;2.1;0.0;244.2;11.23;6.31;49.97;0.0;2803.0;1387.0;2743.0;10.2;12.74;45.0;0.0;1416.0;218.5;1.0;6.43;218.1;244.2
2014-10-12 09:33:23:316;2738.0;20008.0;2.1;0.0;244.2;10.97;6.37;49.98;0.0;2803.0;1387.0;2750.0;10.3;12.87;45.0;0.01;1416.0;218.1;0.0;6.5;217.7;244.5
2014-10-12 09:33:28:323;2738.0;20008.0;2.1;0.0;244.2;10.89;6.38;49.97;0.0;2803.0;1387.0;2750.0;10.3;12.89;45.0;0.03;1416.0;217.7;0.0;6.51;217.3;244.2
2014-10-12 09:33:33:331;2728.0;20008.0;2.1;0.0;244.2;11.2;6.41;49.96;0.0;2803.0;1387.0;2743.0;10.1;12.94;45.0;0.01;1416.0;216.8;0.0;6.53;216.4;243.8
2014-10-12 09:33:38:339;2748.0;20008.0;2.1;0.0;244.2;10.94;6.31;49.95;0.0;2803.0;1387.0;2756.0;10.3;12.74;45.0;0.05;1416.0;220.3;6.0;6.43;220.0;243.7
2014-10-12 09:33:43:347;2731.0;20008.0;2.0;0.0;244.2;11.21;6.31;49.95;0.0;2804.0;1387.0;2747.0;10.1;12.74;45.0;0.0;1417.0;220.4;0.0;6.43;220.0;243.9
2014-10-12 09:33:48:354;2744.0;20008.0;2.1;0.0;244.2;11.07;6.43;49.96;0.0;2805.0;1388.0;2756.0;10.2;12.98;45.0;0.0;1417.0;216.3;12.0;6.55;216.0;243.7
2014-10-12 09:33:53:362;2747.0;20008.0;2.1;0.0;244.2;10.96;6.43;49.97;0.0;2807.0;1389.0;2756.0;10.2;12.99;45.0;0.0;1418.0;218.3;0.0;6.56;217.9;243.7
2014-10-12 09:33:58:370;2739.0;20008.0;2.1;0.0;244.2;11.22;6.38;49.97;0.0;2808.0;1389.0;2748.0;10.1;12.88;45.0;0.03;1419.0;218.4;0.0;6.5;218.0;244.1
2014-10-12 09:34:03:378;2747.0;20008.0;2.0;0.0;244.2;11.07;6.38;49.94;0.0;2810.0;1390.0;2759.0;10.2;12.89;45.0;0.0;1420.0;218.2;4.0;6.51;217.9;243.7
2014-10-12 09:34:08:385;2742.0;20008.0;2.1;0.0;244.1;11.2;6.38;49.95;0.0;2810.0;1390.0;2750.0;10.2;12.88;45.0;0.0;1420.0;218.6;0.0;6.5;218.2;244.0
2014-10-12 09:34:13:393;2749.0;20008.0;2.1;0.0;244.1;11.05;6.4;49.95;0.0;2811.0;1391.0;2760.0;10.3;12.92;45.0;0.0;1420.0;217.8;8.0;6.52;217.5;244.0
2014-10-12 09:34:18:401;2748.0;20008.0;2.1;0.0;244.1;11.13;6.35;49.95;0.0;2812.0;1391.0;2755.0;10.2;12.82;45.0;0.0;1421.0;219.6;0.0;6.47;219.2;244.2
2014-10-12 09:34:23:408;2747.0;20008.0;2.1;0.0;244.1;11.15;6.45;49.96;0.0;2815.0;1393.0;2762.0;10.3;13.02;45.0;0.0;1422.0;216.4;3.0;6.57;216.0;244.4
2014-10-12 09:34:28:416;2746.0;20008.0;2.1;0.0;244.1;11.15;6.33;49.93;0.0;2814.0;1392.0;2757.0;10.2;12.78;45.0;0.0;1422.0;220.4;0.0;6.45;220.0;243.5
2014-10-12 09:34:33:424;2759.0;20008.0;2.1;0.0;244.1;10.96;6.45;49.94;0.0;2817.0;1394.0;2764.0;10.3;13.03;45.0;0.0;1423.0;218.3;10.0;6.58;218.0;244.3
2014-10-12 09:34:38:431;2754.0;20008.0;2.1;0.0;244.1;11.29;6.4;49.95;0.0;2819.0;1395.0;2761.0;10.2;12.92;45.0;0.04;1424.0;218.4;1.0;6.52;218.0;244.6
2014-10-12 09:34:43:439;2763.0;20008.0;2.1;0.0;244.1;10.94;6.41;49.96;0.0;2820.0;1395.0;2768.0;10.3;12.94;45.0;0.03;1425.0;218.3;0.0;6.53;217.9;244.5
2014-10-12 09:34:48:446;2750.0;20008.0;2.1;0.0;244.1;11.27;6.4;49.95;0.0;2820.0;1395.0;2760.0;10.2;12.93;45.0;0.04;1425.0;218.3;0.0;6.53;217.9;245.0
2014-10-12 09:34:53:454;2763.0;20008.0;2.1;0.0;244.1;10.95;6.4;49.95;0.0;2821.0;1396.0;2772.0;10.3;12.93;45.0;0.0;1425.0;218.5;8.0;6.53;218.1;244.9
2014-10-12 09:34:58:461;2759.0;20008.0;2.1;0.0;244.1;11.16;6.39;49.98;0.0;2821.0;1396.0;2764.0;10.2;12.91;46.0;0.04;1425.0;218.8;0.0;6.52;218.4;244.8
2014-10-12 09:35:03:469;2751.0;20008.0;2.0;0.0;244.1;11.24;6.43;49.98;0.0;2820.0;1395.0;2727.0;10.2;12.98;46.0;0.05;1425.0;217.4;0.0;6.55;217.1;245.1
2014-10-12 09:35:08:476;2722.0;20008.0;2.0;0.0;244.1;11.05;6.47;49.98;0.0;2819.0;1395.0;2728.0;10.2;13.06;46.0;0.01;1424.0;216.2;2.0;6.59;215.8;244.8
2014-10-12 09:35:13:484;2719.0;20008.0;2.0;0.0;244.1;10.97;6.34;50.0;0.0;2820.0;1395.0;2734.0;10.3;12.81;46.0;0.0;1425.0;220.4;0.0;6.47;220.0;244.9
2014-10-12 09:35:18:491;2726.0;20008.0;2.0;0.0;244.1;11.02;6.41;50.01;0.0;2822.0;1396.0;2726.0;10.2;12.94;46.0;0.01;1426.0;218.3;4.0;6.53;218.0;244.8
2014-10-12 09:35:23:499;2724.0;20008.0;2.0;0.0;244.1;11.11;6.4;50.01;0.0;2821.0;1396.0;2724.0;10.2;12.93;46.0;0.01;1425.0;218.4;0.0;6.53;218.0;244.7
2014-10-12 09:35:28:506;2720.0;20008.0;2.0;0.0;244.1;11.1;6.4;49.99;0.0;2820.0;1395.0;2725.0;10.3;12.93;46.0;0.01;1425.0;218.3;0.0;6.53;218.0;244.7
2014-10-12 09:35:33:514;2727.0;20008.0;1.9;0.0;244.1;11.08;6.41;50.01;0.0;2821.0;1396.0;2727.0;10.2;12.94;46.0;0.01;1425.0;218.3;72.0;6.53;217.9;245.0
2014-10-12 09:35:38:521;2717.0;20008.0;2.1;0.0;244.1;11.18;6.4;50.0;0.0;2821.0;1396.0;2727.0;10.2;12.93;46.0;0.0;1425.0;218.5;0.0;6.53;218.1;244.6
2014-10-12 09:35:43:529;2723.0;20008.0;2.1;0.0;244.1;11.16;6.41;50.0;0.0;2821.0;1396.0;2726.0;10.2;12.95;46.0;0.01;1425.0;218.1;0.0;6.54;217.7;244.7
2014-10-12 09:35:48:536;2715.0;20008.0;2.0;0.0;244.1;11.15;6.38;49.99;0.0;2819.0;1395.0;2730.0;10.2;12.89;46.0;0.01;1424.0;219.1;0.0;6.51;218.7;244.5
2014-10-12 09:35:53:544;2728.0;20008.0;2.1;0.0;244.0;10.94;6.45;49.98;0.0;2821.0;1396.0;2737.0;10.3;13.02;46.0;0.0;1425.0;216.8;5.0;6.57;216.4;244.5
2014-10-12 09:35:58:552;2735.0;20008.0;2.1;0.0;244.0;10.86;6.34;49.99;0.0;2823.0;1397.0;2737.0;10.2;12.81;46.0;0.01;1426.0;218.1;0.0;6.47;217.7;243.3
2014-10-12 09:36:03:559;2733.0;20008.0;2.1;0.0;244.0;10.89;6.41;50.01;0.0;2824.0;1397.0;2738.0;10.2;12.95;46.0;0.0;1427.0;218.3;0.0;6.54;218.0;243.8
2014-10-12 09:36:08:567;2732.0;20008.0;2.1;0.0;244.0;10.93;6.41;50.01;0.0;2825.0;1398.0;2736.0;10.3;12.95;46.0;0.01;1427.0;218.3;0.0;6.54;218.0;243.6
2014-10-12 09:36:13:574;2737.0;20008.0;2.1;0.0;244.0;10.96;6.42;50.01;0.0;2826.0;1398.0;2735.0;10.3;12.96;46.0;0.01;1428.0;218.4;108.0;6.54;218.0;243.6
2014-10-12 09:36:18:582;2739.0;20008.0;2.1;0.0;244.0;10.95;6.42;49.99;0.0;2827.0;1399.0;2746.0;10.3;12.96;46.0;0.01;1428.0;218.4;66.0;6.54;218.0;243.2
2014-10-12 09:36:23:589;2741.0;20008.0;2.1;0.0;244.0;10.92;6.43;49.99;0.0;2829.0;1400.0;2753.0;10.2;12.98;46.0;0.01;1429.0;218.2;0.0;6.55;217.9;243.2
2014-10-12 09:36:28:597;2742.0;20008.0;2.1;0.0;244.0;10.92;6.42;49.98;0.0;2831.0;1401.0;2751.0;10.3;12.97;46.0;0.01;1430.0;218.6;0.0;6.55;218.2;244.5
2014-10-12 09:36:33:605;2730.0;20008.0;2.1;0.0;244.0;11.13;6.45;49.99;0.0;2834.0;1402.0;2750.0;10.2;13.02;46.0;0.01;1432.0;217.8;0.0;6.57;217.4;244.7
2014-10-12 09:36:38:612;2737.0;20008.0;2.1;0.0;244.0;11.15;6.4;50.0;0.0;2836.0;1402.0;2757.0;10.2;12.92;46.0;0.01;1432.0;217.1;0.0;6.52;216.7;244.6
2014-10-12 09:36:43:620;2738.0;20008.0;2.1;0.0;244.0;11.06;6.42;50.0;0.0;2836.0;1403.0;2750.0;10.2;12.97;46.0;0.01;1433.0;218.8;0.0;6.55;218.4;244.5
2014-10-12 09:36:48:628;2744.0;20008.0;2.1;0.0;244.0;11.17;6.45;49.99;0.0;2840.0;1405.0;2748.0;10.2;13.02;46.0;0.01;1435.0;218.4;0.0;6.57;218.0;244.5
2014-10-12 09:36:53:636;2744.0;20008.0;2.1;0.0;244.0;11.29;6.45;49.98;0.0;2842.0;1406.0;2748.0;10.2;13.03;46.0;0.01;1436.0;218.4;0.0;6.58;218.0;244.1
2014-10-12 09:36:58:643;2753.0;20008.0;2.2;0.0;244.0;11.1;6.46;49.96;0.0;2844.0;1407.0;2762.0;10.3;13.04;46.0;0.01;1437.0;218.4;9.0;6.58;218.0;244.3
2014-10-12 09:37:03:651;2748.0;20008.0;2.1;0.0;244.0;11.08;6.46;49.96;0.0;2844.0;1407.0;2756.0;10.2;13.04;46.0;0.0;1437.0;218.3;0.0;6.58;217.9;243.7
2014-10-12 09:37:08:659;2744.0;20008.0;2.1;0.0;244.0;11.34;6.46;49.97;0.0;2844.0;1407.0;2758.0;10.2;13.04;46.0;0.0;1437.0;218.5;0.0;6.58;218.1;243.7
2014-10-12 09:37:13:666;2752.0;20008.0;2.1;0.0;244.0;11.08;6.47;49.97;0.0;2846.0;1408.0;2767.0;10.3;13.06;46.0;0.0;1438.0;218.1;0.0;6.59;217.8;243.9
2014-10-12 09:37:18:674;2753.0;20008.0;2.1;0.0;244.0;10.97;6.45;49.98;0.0;2846.0;1408.0;2767.0;10.2;13.02;46.0;0.01;1438.0;216.6;0.0;6.57;216.2;243.5
2014-10-12 09:37:23:682;2753.0;20008.0;2.1;0.0;244.0;11.19;6.42;49.98;0.0;2846.0;1408.0;2758.0;10.2;12.96;46.0;0.01;1438.0;219.7;0.0;6.54;219.4;243.6
2014-10-12 09:37:28:689;2750.0;20008.0;2.1;0.0;244.0;11.3;6.49;49.98;0.0;2848.0;1409.0;2757.0;10.2;13.1;46.0;0.01;1439.0;217.8;0.0;6.61;217.4;244.0
2014-10-12 09:37:33:697;2752.0;20008.0;2.1;0.0;244.0;11.3;6.47;49.99;0.0;2849.0;1410.0;2764.0;10.2;13.06;46.0;0.01;1439.0;218.3;2.0;6.59;218.0;243.9
2014-10-12 09:37:38:704;2757.0;20008.0;2.1;0.0;244.0;11.27;6.47;50.0;0.0;2850.0;1410.0;2762.0;10.2;13.07;46.0;0.01;1440.0;218.3;104.0;6.6;218.0;243.8
2014-10-12 09:37:43:712;2755.0;20008.0;2.2;0.0;244.0;11.24;6.47;50.0;0.0;2851.0;1411.0;2755.0;10.2;13.07;46.0;0.01;1440.0;218.3;77.0;6.6;218.0;244.0
2014-10-12 09:37:48:719;2757.0;20008.0;2.1;0.0;244.0;11.22;6.48;50.0;0.0;2854.0;1412.0;2754.0;10.2;13.09;46.0;0.01;1442.0;218.3;29.0;6.61;218.0;244.4
2014-10-12 09:37:53:727;2759.0;20008.0;2.2;0.0;244.0;11.3;6.48;50.01;0.0;2853.0;1412.0;2755.0;10.2;13.08;46.0;0.0;1441.0;218.4;0.0;6.6;218.1;244.9
2014-10-12 09:37:58:734;2752.0;20008.0;2.1;0.0;244.0;11.35;6.48;50.01;0.0;2852.0;1411.0;2766.0;10.2;13.09;46.0;0.01;1441.0;220.3;0.0;6.61;219.9;244.2
2014-10-12 09:38:03:742;2756.0;20008.0;2.1;0.0;244.0;11.33;6.52;49.99;0.0;2850.0;1410.0;2762.0;10.2;13.17;46.0;0.01;1440.0;216.6;20.0;6.65;216.2;243.5
2014-10-12 09:38:08:749;2753.0;20008.0;2.1;0.0;244.0;11.34;6.52;50.0;0.0;2852.0;1411.0;2763.0;10.2;13.16;46.0;0.0;1441.0;216.9;0.0;6.64;216.6;243.7
2014-10-12 09:38:13:757;2752.0;20008.0;2.2;0.0;244.0;11.32;6.45;50.02;0.0;2852.0;1411.0;2768.0;10.2;13.03;46.0;0.01;1441.0;219.0;0.0;6.58;218.6;243.9
2014-10-12 09:38:18:764;2764.0;20008.0;2.0;0.0;244.0;11.06;6.48;50.03;0.0;2854.0;1412.0;2771.0;10.1;13.08;46.0;0.0;1442.0;218.4;0.0;6.6;218.0;244.2
2014-10-12 09:38:23:772;2764.0;20008.0;2.0;0.0;244.0;11.04;6.49;50.02;0.0;2856.0;1413.0;2775.0;10.2;13.1;46.0;0.0;1443.0;218.3;0.0;6.61;218.0;244.0
2014-10-12 09:38:28:779;2766.0;20008.0;2.0;0.0;244.0;11.19;6.49;50.02;0.0;2858.0;1414.0;2762.0;10.2;13.1;46.0;0.01;1444.0;218.4;77.0;6.61;218.0;244.0
2014-10-12 09:38:33:787;2769.0;20008.0;2.1;0.0;244.0;11.35;6.5;50.01;0.0;2860.0;1415.0;2771.0;10.2;13.12;46.0;0.01;1445.0;218.3;0.0;6.62;217.9;243.4
2014-10-12 09:38:38:794;2767.0;20008.0;2.1;0.0;244.1;11.39;6.49;50.03;0.0;2860.0;1415.0;2778.0;10.2;13.11;46.0;0.01;1445.0;216.4;0.0;6.62;216.0;243.8
2014-10-12 09:38:43:802;2772.0;20008.0;2.0;0.0;244.1;11.06;6.44;50.03;0.0;2860.0;1415.0;2776.0;10.2;13.0;46.0;0.01;1445.0;220.2;0.0;6.56;219.9;243.7
2014-10-12 09:38:48:809;2773.0;20008.0;2.1;0.0;244.1;11.09;6.55;50.01;0.0;2862.0;1416.0;2771.0;10.2;13.23;46.0;0.01;1446.0;216.6;0.0;6.68;216.2;243.7
2014-10-12 09:38:53:817;2771.0;20008.0;2.0;0.0;244.1;11.15;6.45;50.01;0.0;2864.0;1417.0;2770.0;10.3;13.03;46.0;0.01;1447.0;219.8;79.0;6.58;219.4;244.3
2014-10-12 09:38:58:824;2771.0;20008.0;2.1;0.0;244.1;11.28;6.53;50.01;0.0;2868.0;1419.0;2770.0;10.3;13.19;46.0;0.01;1449.0;217.6;94.0;6.66;217.2;244.0
2014-10-12 09:39:03:832;2770.0;20008.0;2.0;0.0;244.1;11.42;6.51;50.01;0.0;2868.0;1419.0;2776.0;10.1;13.15;46.0;0.0;1449.0;218.4;0.0;6.64;218.0;243.4
2014-10-12 09:39:08:840;2767.0;20008.0;2.1;0.0;244.1;11.44;6.51;50.0;0.0;2870.0;1420.0;2777.0;10.2;13.15;46.0;0.01;1450.0;218.4;0.0;6.64;218.0;243.5
2014-10-12 09:39:13:847;2774.0;20008.0;2.1;0.0;244.1;11.42;6.52;49.99;0.0;2872.0;1421.0;2783.0;10.2;13.17;46.0;0.01;1451.0;218.3;0.0;6.65;218.0;243.2
2014-10-12 09:39:18:855;2781.0;20008.0;2.0;0.0;244.1;11.34;6.53;49.98;0.0;2874.0;1422.0;2792.0;10.2;13.18;46.0;0.01;1452.0;218.4;103.0;6.65;218.0;243.4
2014-10-12 09:39:23:862;2785.0;20008.0;1.7;0.0;244.1;11.13;6.47;49.98;0.0;2876.0;1423.0;2794.0;10.1;13.06;46.0;0.01;1453.0;220.3;68.0;6.59;219.9;243.4
2014-10-12 09:39:28:870;2787.0;20008.0;1.9;0.0;244.1;11.12;6.6;49.99;0.0;2880.0;1425.0;2800.0;10.2;13.33;46.0;0.02;1455.0;216.4;0.0;6.73;216.0;243.1
2014-10-12 09:39:33:877;2789.0;20008.0;2.0;0.0;244.1;11.29;6.49;49.97;0.0;2884.0;1427.0;2797.0;10.1;13.11;46.0;0.01;1457.0;220.2;0.0;6.62;219.8;243.5
2014-10-12 09:39:38:885;2786.0;20008.0;2.0;0.0;244.1;11.49;6.6;49.97;0.0;2886.0;1428.0;2795.0;10.1;13.33;46.0;0.01;1458.0;216.7;0.0;6.73;216.4;243.5
2014-10-12 09:39:43:893;2792.0;20008.0;2.1;0.0;244.0;11.25;6.51;49.98;0.0;2884.0;1427.0;2794.0;10.3;13.15;46.0;0.01;1457.0;219.4;126.0;6.64;219.0;243.6
2014-10-12 09:39:48:900;2793.0;20008.0;2.1;0.0;244.0;11.19;6.55;49.99;0.0;2884.0;1427.0;2802.0;10.2;13.23;46.0;0.01;1457.0;218.2;0.0;6.68;217.8;243.5
2014-10-12 09:39:53:908;2795.0;20008.0;2.1;0.0;244.0;11.16;6.55;49.99;0.0;2884.0;1427.0;2803.0;10.2;13.23;46.0;0.0;1457.0;218.4;0.0;6.68;218.0;243.7
2014-10-12 09:39:58:915;2792.0;20008.0;2.1;0.0;244.0;11.19;6.55;49.98;0.0;2886.0;1428.0;2806.0;10.2;13.23;46.0;0.0;1458.0;218.4;0.0;6.68;218.0;243.4
2014-10-12 09:40:03:923;2793.0;20008.0;2.0;0.0;244.0;11.38;6.56;49.98;0.0;2888.0;1429.0;2798.0;10.2;13.24;46.0;0.01;1459.0;220.3;0.0;6.68;220.0;243.8
2014-10-12 09:40:08:930;2792.0;20008.0;2.0;0.0;244.0;11.46;6.62;50.0;0.0;2890.0;1430.0;2797.0;10.1;13.37;46.0;0.01;1460.0;216.4;0.0;6.75;216.0;243.9
2014-10-12 09:40:13:938;2795.0;20008.0;2.0;0.0;244.0;11.36;6.51;50.01;0.0;2892.0;1431.0;2810.0;10.1;13.14;46.0;0.01;1461.0;220.3;0.0;6.63;219.9;244.3
2014-10-12 09:40:18:946;2798.0;20008.0;2.1;0.0;244.0;11.17;6.51;50.03;0.0;2890.0;1430.0;2807.0;10.2;13.14;46.0;0.01;1460.0;220.2;0.0;6.63;219.8;244.1
2014-10-12 09:40:23:953;2800.0;20008.0;2.1;0.0;244.0;11.35;6.61;50.05;0.0;2890.0;1430.0;2801.0;10.2;13.35;46.0;0.01;1460.0;216.6;20.0;6.74;216.3;244.2
2014-10-12 09:40:28:961;2793.0;20008.0;2.0;0.0;244.0;11.35;6.6;50.04;0.0;2891.0;1430.0;2808.0;10.2;13.33;46.0;0.0;1461.0;217.1;0.0;6.73;216.8;243.7
2014-10-12 09:40:33:968;2806.0;20008.0;2.1;0.0;244.0;11.16;6.56;50.03;0.0;2894.0;1432.0;2807.0;10.3;13.25;46.0;0.01;1462.0;218.6;15.0;6.69;218.3;244.3
2014-10-12 09:40:38:976;2805.0;20008.0;2.1;0.0;244.0;11.34;6.58;50.01;0.0;2896.0;1433.0;2810.0;10.3;13.28;46.0;0.0;1463.0;218.4;54.0;6.7;218.0;244.5
2014-10-12 09:40:43:983;2802.0;20008.0;2.1;0.0;244.0;11.48;6.58;50.02;0.0;2898.0;1433.0;2802.0;10.2;13.28;46.0;0.01;1464.0;220.4;0.0;6.7;220.0;244.4
2014-10-12 09:40:48:991;2797.0;20008.0;2.1;0.0;244.0;11.46;6.64;50.03;0.0;2898.0;1434.0;2814.0;10.2;13.41;46.0;0.01;1464.0;216.4;0.0;6.77;216.0;244.1
2014-10-12 09:40:53:998;2805.0;20008.0;2.1;0.0;244.0;11.23;6.52;50.03;0.0;2899.0;1434.0;2814.0;10.3;13.17;46.0;0.01;1465.0;220.3;0.0;6.65;220.0;244.4
2014-10-12 09:40:59:006;2806.0;20008.0;2.1;0.0;244.0;11.31;6.64;50.03;0.0;2900.0;1435.0;2809.0;10.3;13.41;46.0;0.01;1465.0;216.4;10.0;6.77;216.0;244.3
2014-10-12 09:41:04:013;2801.0;20008.0;2.2;0.0;244.0;11.54;6.53;50.02;0.0;2900.0;1435.0;2808.0;10.3;13.19;46.0;0.01;1465.0;220.2;0.0;6.66;219.9;244.4
2014-10-12 09:41:09:021;2800.0;20008.0;2.1;0.0;244.0;11.46;6.64;50.02;0.0;2902.0;1436.0;2814.0;10.2;13.41;46.0;0.01;1466.0;216.6;0.0;6.77;216.3;244.5
2014-10-12 09:41:14:028;2804.0;20008.0;2.1;0.0;244.0;11.37;6.55;50.0;0.0;2902.0;1436.0;2818.0;10.2;13.22;46.0;0.01;1466.0;219.7;0.0;6.67;219.3;244.2
2014-10-12 09:41:19:036;2807.0;20008.0;2.2;0.0;244.0;11.33;6.61;50.01;0.0;2903.0;1436.0;2819.0;10.2;13.34;46.0;0.0;1467.0;217.9;0.0;6.73;217.5;244.1
2014-10-12 09:41:24:044;2814.0;20008.0;2.2;0.0;244.0;11.21;6.6;50.04;0.0;2905.0;1437.0;2812.0;10.3;13.32;46.0;0.0;1468.0;220.1;0.0;6.72;219.7;244.1
2014-10-12 09:41:29:051;2806.0;20008.0;2.1;0.0;244.0;11.57;6.66;50.03;0.0;2906.0;1438.0;2819.0;10.2;13.44;46.0;0.0;1468.0;216.4;1.0;6.78;216.0;243.9
2014-10-12 09:41:34:059;2805.0;20008.0;2.1;0.0;244.0;11.44;6.54;50.02;0.0;2906.0;1438.0;2825.0;10.2;13.21;46.0;0.0;1468.0;220.3;0.0;6.67;220.0;243.7
2014-10-12 09:41:39:068;2810.0;20008.0;2.1;0.0;244.0;11.34;6.66;50.0;0.0;2906.0;1438.0;2828.0;10.2;13.44;46.0;0.01;1468.0;216.4;0.0;6.78;216.0;243.8
2014-10-12 09:41:44:076;2816.0;20008.0;2.1;0.0;244.0;11.35;6.54;50.0;0.0;2908.0;1439.0;2826.0;10.2;13.21;46.0;0.0;1469.0;220.3;0.0;6.67;219.9;244.1
2014-10-12 09:41:49:084;2812.0;20008.0;2.1;0.0;244.0;11.22;6.66;50.01;0.0;2908.0;1439.0;2821.0;10.3;13.45;46.0;0.01;1469.0;216.5;0.0;6.79;216.1;244.3
2014-10-12 09:41:54:092;2819.0;20008.0;2.1;0.0;244.0;11.21;6.55;50.01;0.0;2907.0;1438.0;2831.0;10.3;13.22;46.0;0.01;1469.0;220.1;0.0;6.67;219.7;244.0
2014-10-12 09:41:59:100;2821.0;20008.0;2.2;0.0;244.0;11.19;6.65;50.0;0.0;2910.0;1440.0;2830.0;10.2;13.43;46.0;0.01;1470.0;216.9;0.0;6.78;216.6;244.1
2014-10-12 09:42:04:109;2821.0;20008.0;2.1;0.0;244.0;11.21;6.58;49.99;0.0;2910.0;1440.0;2822.0;10.2;13.29;46.0;0.02;1470.0;219.2;0.0;6.71;218.8;244.0
2014-10-12 09:42:09:117;2813.0;20008.0;1.7;0.0;244.0;11.23;6.65;49.99;0.0;2908.0;1439.0;2821.0;10.2;13.43;46.0;0.01;1469.0;216.6;0.0;6.78;216.3;244.3
2014-10-12 09:42:14:125;2810.0;20008.0;2.0;0.0;244.0;11.41;6.66;49.98;0.0;2908.0;1439.0;2826.0;10.2;13.45;46.0;0.0;1469.0;216.4;0.0;6.79;216.0;244.2
2014-10-12 09:42:19:133;2812.0;20008.0;2.1;0.0;244.0;11.48;6.55;50.0;0.0;2912.0;1441.0;2831.0;10.2;13.23;46.0;0.01;1471.0;220.3;0.0;6.68;220.0;244.6
2014-10-12 09:42:24:141;2810.0;20008.0;2.1;0.0;244.0;11.45;6.67;50.01;0.0;2913.0;1441.0;2830.0;10.2;13.47;46.0;0.0;1472.0;216.4;0.0;6.8;216.0;244.4
2014-10-12 09:42:29:149;2816.0;20008.0;2.1;0.0;244.0;11.35;6.55;50.01;0.0;2914.0;1442.0;2830.0;10.3;13.23;46.0;0.0;1472.0;220.3;0.0;6.68;219.9;244.5
2014-10-12 09:42:34:157;2816.0;20008.0;2.0;0.0;244.0;11.3;6.67;50.0;0.0;2912.0;1441.0;2827.0;10.2;13.47;46.0;0.0;1471.0;216.5;0.0;6.8;216.1;244.4
2014-10-12 09:42:39:165;2818.0;20008.0;2.1;0.0;244.0;11.33;6.56;49.99;0.0;2913.0;1441.0;2827.0;10.2;13.25;46.0;0.0;1472.0;220.1;0.0;6.69;219.7;244.4
2014-10-12 09:42:44:173;2813.0;20008.0;2.1;0.0;244.0;11.47;6.66;49.98;0.0;2914.0;1442.0;2821.0;10.2;13.45;46.0;0.0;1472.0;218.0;0.0;6.79;217.6;244.5
2014-10-12 09:42:49:181;2815.0;20008.0;2.1;0.0;244.0;11.55;6.59;49.98;0.0;2914.0;1442.0;2823.0;10.2;13.31;46.0;0.01;1472.0;219.2;2.0;6.72;218.8;244.3
2014-10-12 09:42:54:188;2821.0;20008.0;2.1;0.0;244.0;11.32;6.66;49.96;0.0;2914.0;1442.0;2833.0;10.3;13.45;46.0;0.01;1472.0;216.8;1.0;6.79;216.4;244.4
2014-10-12 09:42:59:196;2822.0;20008.0;2.1;0.0;244.0;11.27;6.56;49.98;0.0;2915.0;1442.0;2829.0;10.2;13.24;46.0;0.01;1473.0;220.3;0.0;6.68;220.0;244.1
2014-10-12 09:43:04:204;2813.0;20008.0;2.1;0.0;244.0;11.51;6.68;49.98;0.0;2916.0;1443.0;2826.0;10.2;13.49;46.0;0.01;1473.0;216.4;0.0;6.81;216.0;244.3
2014-10-12 09:43:09:212;2816.0;20008.0;2.1;0.0;244.0;11.58;6.56;49.98;0.0;2915.0;1442.0;2819.0;10.2;13.24;46.0;0.01;1473.0;220.3;0.0;6.68;220.0;244.5
2014-10-12 09:43:14:220;2819.0;20008.0;2.2;0.0;244.0;11.52;6.68;50.01;0.0;2916.0;1443.0;2830.0;10.3;13.49;46.0;0.01;1473.0;216.4;37.0;6.81;216.0;244.6
2014-10-12 09:43:19:228;2823.0;20008.0;1.9;0.0;244.0;11.59;6.56;50.02;0.0;2916.0;1443.0;2836.0;10.1;13.25;46.0;0.01;1473.0;220.2;0.0;6.69;219.9;244.2
2014-10-12 09:43:24:235;2816.0;20008.0;2.0;0.0;244.0;11.48;6.67;50.01;0.0;2917.0;1443.0;2840.0;10.2;13.47;46.0;0.01;1474.0;218.2;0.0;6.8;217.9;244.2
2014-10-12 09:43:29:243;2821.0;20008.0;2.1;0.0;244.0;11.5;6.62;50.0;0.0;2917.0;1443.0;2837.0;10.2;13.36;46.0;0.0;1474.0;218.7;0.0;6.74;218.3;244.4
2014-10-12 09:43:34:251;2822.0;20008.0;2.1;0.0;244.0;11.41;6.64;50.01;0.0;2917.0;1443.0;2837.0;10.2;13.41;46.0;0.01;1474.0;217.7;0.0;6.77;217.3;244.4
2014-10-12 09:43:39:259;2827.0;20008.0;2.1;0.0;244.0;11.37;6.58;50.01;0.0;2917.0;1443.0;2844.0;10.3;13.29;46.0;0.0;1474.0;219.9;0.0;6.71;219.5;244.0
2014-10-12 09:43:44:266;2825.0;20008.0;2.1;0.0;244.0;11.4;6.69;49.98;0.0;2919.0;1444.0;2832.0;10.2;13.51;46.0;0.01;1475.0;216.4;0.0;6.82;216.0;244.0
2014-10-12 09:43:49:274;2824.0;20008.0;2.1;0.0;244.0;11.56;6.57;49.99;0.0;2919.0;1444.0;2840.0;10.2;13.26;46.0;0.01;1475.0;220.3;0.0;6.69;220.0;243.9
2014-10-12 09:43:54:282;2826.0;20008.0;2.1;0.0;244.0;11.59;6.69;50.0;0.0;2922.0;1446.0;2832.0;10.2;13.51;46.0;0.01;1476.0;216.4;0.0;6.82;216.0;243.7
2014-10-12 09:43:59:290;2824.0;20008.0;2.1;0.0;244.0;11.52;6.57;50.02;0.0;2920.0;1445.0;2837.0;10.2;13.27;46.0;0.0;1475.0;220.3;0.0;6.7;219.9;243.9
2014-10-12 09:44:04:297;2835.0;20008.0;2.1;0.0;244.0;11.36;6.69;50.02;0.0;2923.0;1446.0;2844.0;10.2;13.51;46.0;0.01;1477.0;218.3;0.0;6.82;217.9;243.8
2014-10-12 09:44:09:305;2836.0;20008.0;2.1;0.0;244.0;11.28;6.64;50.01;0.0;2925.0;1447.0;2848.0;10.3;13.41;46.0;0.01;1478.0;218.5;3.0;6.77;218.1;244.0
2014-10-12 09:44:14:313;2840.0;20008.0;2.1;0.0;244.0;11.32;6.65;50.0;0.0;2926.0;1448.0;2848.0;10.3;13.43;46.0;0.01;1478.0;218.1;0.0;6.78;217.7;244.0
2014-10-12 09:44:19:321;2841.0;20008.0;2.1;0.0;244.0;11.31;6.63;50.01;0.0;2927.0;1448.0;2845.0;10.3;13.39;46.0;0.01;1479.0;218.9;50.0;6.76;218.6;244.2
2014-10-12 09:44:24:329;2834.0;20008.0;2.0;0.0;244.0;11.52;6.69;50.03;0.0;2929.0;1449.0;2840.0;10.2;13.51;46.0;0.01;1480.0;217.0;43.0;6.82;216.6;244.3
2014-10-12 09:44:29:336;2839.0;20008.0;2.1;0.0;244.0;11.47;6.59;50.05;0.0;2928.0;1449.0;2846.0;10.2;13.31;46.0;0.0;1479.0;220.3;0.0;6.72;220.0;245.1
2014-10-12 09:44:34:344;2842.0;20008.0;2.1;0.0;244.0;11.39;6.71;50.03;0.0;2931.0;1450.0;2846.0;10.3;13.55;46.0;0.01;1481.0;216.4;4.0;6.84;216.0;244.7
2014-10-12 09:44:39:352;2834.0;20008.0;2.1;0.0;244.0;11.61;6.59;50.02;0.0;2930.0;1450.0;2845.0;10.3;13.31;46.0;0.01;1480.0;220.3;1.0;6.72;220.0;244.4
2014-10-12 09:44:44:359;2833.0;20008.0;2.1;0.0;244.0;11.59;6.72;50.01;0.0;2933.0;1451.0;2846.0;10.2;13.57;46.0;0.01;1482.0;216.4;0.0;6.85;216.0;244.2
2014-10-12 09:44:49:367;2836.0;20008.0;2.0;0.0;244.0;11.6;6.66;49.99;0.0;2932.0;1451.0;2840.0;10.1;13.45;46.0;0.01;1481.0;218.4;0.0;6.79;218.0;244.2
2014-10-12 09:44:54:375;2836.0;20008.0;2.1;0.0;244.0;11.69;6.66;49.98;0.0;2930.0;1450.0;2847.0;10.2;13.45;46.0;0.01;1480.0;218.3;0.0;6.79;217.9;244.0
2014-10-12 09:44:59:382;2832.0;20008.0;2.1;0.0;244.0;11.65;6.66;50.02;0.0;2931.0;1450.0;2846.0;10.2;13.45;46.0;0.01;1481.0;218.1;0.0;6.79;217.8;244.5
2014-10-12 09:45:04:390;2844.0;20008.0;2.1;0.0;244.0;11.37;6.65;50.06;0.0;2933.0;1451.0;2847.0;10.2;13.43;46.0;0.01;1482.0;218.9;0.0;6.78;218.5;244.4
2014-10-12 09:45:09:398;2836.0;20008.0;2.1;0.0;244.0;11.65;6.7;50.06;0.0;2934.0;1452.0;2850.0;10.3;13.53;46.0;0.01;1482.0;217.2;1.0;6.83;216.8;244.5
2014-10-12 09:45:14:405;2844.0;20008.0;2.1;0.0;244.0;11.36;6.72;50.03;0.0;2934.0;1452.0;2851.0;10.3;13.57;46.0;0.01;1482.0;216.4;0.0;6.85;216.0;244.2
2014-10-12 09:45:19:413;2848.0;20008.0;2.1;0.0;243.9;11.35;6.72;50.03;0.0;2935.0;1452.0;2844.0;10.3;13.57;46.0;0.01;1483.0;216.4;0.0;6.85;216.0;244.1
2014-10-12 09:45:24:421;2837.0;20008.0;2.2;0.0;243.9;11.66;6.6;50.04;0.0;2933.0;1451.0;2852.0;10.2;13.32;46.0;0.02;1482.0;220.3;0.0;6.72;220.0;244.0
2014-10-12 09:45:29:428;2842.0;20008.0;2.1;0.0;243.9;11.41;6.72;50.04;0.0;2935.0;1452.0;2849.0;10.3;13.57;46.0;0.01;1483.0;218.3;0.0;6.85;218.0;244.1
2014-10-12 09:45:34:436;2843.0;20008.0;2.1;0.0;243.9;11.43;6.66;50.02;0.0;2935.0;1452.0;2848.0;10.3;13.45;46.0;0.0;1483.0;218.3;2.0;6.79;218.0;244.0
2014-10-12 09:45:39:443;2835.0;20008.0;2.1;0.0;243.9;11.55;6.66;50.01;0.0;2932.0;1451.0;2846.0;10.3;13.45;46.0;0.01;1481.0;218.4;0.0;6.79;218.0;243.9
2014-10-12 09:45:44:451;2833.0;20008.0;2.1;0.0;243.9;11.65;6.65;50.01;0.0;2931.0;1450.0;2842.0;10.3;13.43;46.0;0.01;1481.0;218.5;0.0;6.78;218.1;244.1
2014-10-12 09:45:49:459;2832.0;20008.0;2.1;0.0;243.9;11.65;6.67;50.0;0.0;2931.0;1450.0;2832.0;10.2;13.47;46.0;0.0;1481.0;218.0;0.0;6.8;217.6;243.8
2014-10-12 09:45:54:466;2837.0;20008.0;2.1;0.0;243.9;11.61;6.75;50.01;0.0;2933.0;1451.0;2839.0;10.3;13.63;46.0;0.0;1482.0;215.3;0.0;6.88;214.9;244.2
2014-10-12 09:45:59:474;2831.0;20008.0;2.1;0.0;243.9;11.68;6.6;50.02;0.0;2931.0;1450.0;2844.0;10.2;13.33;47.0;0.01;1481.0;220.2;0.0;6.73;219.8;244.1
2014-10-12 09:46:04:481;2833.0;20008.0;2.1;0.0;243.9;11.6;6.72;50.01;0.0;2932.0;1451.0;2853.0;10.2;13.57;47.0;0.01;1481.0;216.4;0.0;6.85;216.0;244.0
2014-10-12 09:46:09:489;2840.0;20008.0;2.1;0.0;243.9;11.48;6.72;50.01;0.0;2934.0;1452.0;2855.0;10.2;13.57;47.0;0.01;1483.0;218.3;0.0;6.85;218.0;243.9
2014-10-12 09:46:14:497;2850.0;20008.0;2.1;0.0;243.9;11.35;6.66;50.02;0.0;2935.0;1452.0;2849.0;10.2;13.45;47.0;0.01;1483.0;218.3;0.0;6.79;218.0;243.7
2014-10-12 09:46:19:504;2853.0;20008.0;2.0;0.0;243.9;11.46;6.67;50.02;0.0;2936.0;1453.0;2848.0;10.2;13.46;47.0;0.01;1483.0;218.4;38.0;6.79;218.0;243.5
2014-10-12 09:46:24:512;2843.0;20008.0;2.0;0.0;243.9;11.57;6.67;50.01;0.0;2935.0;1452.0;2839.0;10.2;13.47;47.0;0.01;1483.0;218.3;116.0;6.8;217.9;243.6
2014-10-12 09:46:29:519;2839.0;20008.0;2.2;0.0;243.9;11.69;6.66;50.02;0.0;2935.0;1452.0;2844.0;10.2;13.45;47.0;0.01;1483.0;218.5;0.0;6.79;218.1;243.9
2014-10-12 09:46:34:527;2840.0;20008.0;2.1;0.0;243.9;11.65;6.67;50.02;0.0;2935.0;1452.0;2850.0;10.2;13.47;47.0;0.01;1483.0;218.1;0.0;6.8;217.7;243.9
2014-10-12 09:46:39:535;2840.0;20008.0;2.2;0.0;243.9;11.49;6.65;50.01;0.0;2935.0;1452.0;2855.0;10.2;13.42;47.0;0.01;1483.0;219.0;0.0;6.77;218.7;244.0
2014-10-12 09:46:44:542;2849.0;20008.0;2.2;0.0;243.9;11.33;6.71;50.03;0.0;2937.0;1453.0;2854.0;10.3;13.55;47.0;0.01;1484.0;216.8;0.0;6.84;216.4;244.1
2014-10-12 09:46:49:550;2845.0;20008.0;2.1;0.0;243.9;11.56;6.61;50.03;0.0;2937.0;1453.0;2850.0;10.2;13.35;47.0;0.01;1484.0;218.1;82.0;6.74;217.7;243.9
2014-10-12 09:46:54:558;2843.0;20008.0;2.1;0.0;243.9;11.68;6.67;50.01;0.0;2940.0;1455.0;2846.0;10.1;13.47;47.0;0.01;1485.0;218.4;0.0;6.8;218.0;243.9
2014-10-12 09:46:59:565;2844.0;20008.0;2.2;0.0;243.9;11.65;6.68;50.0;0.0;2942.0;1456.0;2859.0;10.2;13.49;47.0;0.01;1486.0;218.3;0.0;6.81;218.0;243.9
2014-10-12 09:47:04:573;2845.0;20008.0;2.1;0.0;243.9;11.67;6.68;50.0;0.0;2943.0;1456.0;2854.0;10.2;13.49;47.0;0.01;1487.0;218.4;0.0;6.81;218.0;243.6
2014-10-12 09:47:09:580;2842.0;20008.0;2.1;0.0;243.9;11.72;6.69;49.99;0.0;2945.0;1457.0;2856.0;10.2;13.51;47.0;0.0;1488.0;218.3;0.0;6.82;217.9;243.8
2014-10-12 09:47:14:588;2850.0;20008.0;2.1;0.0;243.9;11.72;6.69;50.01;0.0;2949.0;1459.0;2866.0;10.2;13.51;47.0;0.01;1490.0;218.5;0.0;6.82;218.1;244.0
2014-10-12 09:47:19:596;2857.0;20008.0;2.1;0.0;243.9;11.71;6.72;50.01;0.0;2955.0;1462.0;2874.0;10.2;13.57;47.0;0.01;1493.0;218.1;0.0;6.85;217.7;243.7
2014-10-12 09:47:24:603;2865.0;20008.0;2.1;0.0;243.9;11.68;6.7;50.0;0.0;2959.0;1464.0;2878.0;10.2;13.53;47.0;0.01;1495.0;219.0;0.0;6.83;218.7;243.7
2014-10-12 09:47:29:611;2862.0;20008.0;2.1;0.0;243.9;11.67;6.75;50.0;0.0;2957.0;1463.0;2879.0;10.2;13.64;47.0;0.01;1494.0;219.7;0.0;6.89;219.3;243.8
2014-10-12 09:47:34:619;2867.0;20008.0;2.1;0.0;243.9;11.7;6.74;49.99;0.0;2962.0;1466.0;2872.0;10.2;13.61;47.0;0.01;1496.0;218.1;0.0;6.87;217.7;243.8
2014-10-12 09:47:39:626;2867.0;20008.0;2.1;0.0;243.9;11.63;6.72;50.01;0.0;2961.0;1465.0;2878.0;10.2;13.58;47.0;0.01;1496.0;218.4;0.0;6.86;218.0;244.0
2014-10-12 09:47:44:634;2871.0;20008.0;2.1;0.0;243.9;11.53;6.73;50.02;0.0;2965.0;1467.0;2882.0;10.2;13.59;47.0;0.01;1498.0;218.3;0.0;6.86;218.0;244.1
2014-10-12 09:47:49:641;2875.0;20008.0;2.1;0.0;243.9;11.43;6.73;50.02;0.0;2967.0;1468.0;2884.0;10.3;13.59;47.0;0.01;1499.0;218.4;10.0;6.86;218.0;244.1
2014-10-12 09:47:54:649;2878.0;20008.0;2.1;0.0;243.9;11.48;6.74;49.99;0.0;2967.0;1468.0;2888.0;10.2;13.61;47.0;0.01;1499.0;218.3;0.0;6.87;217.9;243.7
2014-10-12 09:47:59:656;2883.0;20008.0;2.1;0.0;243.9;11.47;6.74;50.0;0.0;2971.0;1470.0;2883.0;10.2;13.61;47.0;0.01;1501.0;218.4;9.0;6.87;218.1;243.8
2014-10-12 09:48:04:664;2884.0;20008.0;2.1;0.0;243.9;11.52;6.74;50.0;0.0;2973.0;1471.0;2893.0;10.2;13.61;47.0;0.01;1502.0;218.6;0.0;6.87;218.2;243.8
2014-10-12 09:48:09:672;2888.0;20008.0;2.1;0.0;243.9;11.54;6.74;50.01;0.0;2975.0;1472.0;2887.0;10.3;13.61;47.0;0.01;1503.0;218.9;46.0;6.87;218.6;243.8
2014-10-12 09:48:14:679;2890.0;20008.0;2.1;0.0;243.9;11.59;6.8;50.0;0.0;2979.0;1474.0;2888.0;10.3;13.73;47.0;0.01;1505.0;217.0;110.0;6.93;216.6;243.5
2014-10-12 09:48:19:687;2894.0;20008.0;2.0;0.0;243.9;11.6;6.75;50.0;0.0;2981.0;1475.0;2896.0;10.3;13.63;47.0;0.01;1506.0;218.8;84.0;6.88;218.4;243.7
2014-10-12 09:48:24:694;2893.0;20008.0;2.1;0.0;243.9;11.73;6.77;50.02;0.0;2983.0;1476.0;2893.0;10.2;13.67;47.0;0.01;1507.0;218.3;0.0;6.9;218.0;243.6
2014-10-12 09:48:29:702;2890.0;20008.0;2.0;0.0;243.9;11.88;6.77;50.01;0.0;2983.0;1476.0;2890.0;10.2;13.67;47.0;0.01;1507.0;218.3;0.0;6.9;218.0;243.6
2014-10-12 09:48:34:709;2884.0;20008.0;2.1;0.0;243.9;11.87;6.77;50.02;0.0;2984.0;1476.0;2900.0;10.2;13.68;47.0;0.01;1508.0;218.4;0.0;6.91;218.0;243.6
2014-10-12 09:48:39:717;2891.0;20008.0;2.1;0.0;243.9;11.6;6.78;50.03;0.0;2984.0;1476.0;2900.0;10.2;13.69;47.0;0.01;1508.0;218.3;0.0;6.91;217.9;243.6
2014-10-12 09:48:44:724;2895.0;20008.0;2.1;0.0;243.9;11.71;6.78;50.05;0.0;2985.0;1477.0;2897.0;10.2;13.69;47.0;0.01;1508.0;218.4;93.0;6.91;218.1;244.3
2014-10-12 09:48:49:732;2896.0;20008.0;2.1;0.0;243.9;11.61;6.79;50.07;0.0;2985.0;1477.0;2897.0;10.2;13.71;47.0;0.0;1508.0;218.1;0.0;6.92;217.8;244.3
2014-10-12 09:48:54:740;2884.0;20008.0;2.1;0.0;243.9;11.88;6.77;50.06;0.0;2987.0;1478.0;2904.0;10.2;13.67;47.0;0.01;1509.0;216.6;0.0;6.9;216.2;243.9
2014-10-12 09:48:59:747;2899.0;20008.0;2.1;0.0;243.9;11.59;6.74;50.06;0.0;2987.0;1478.0;2897.0;10.3;13.61;47.0;0.01;1509.0;219.8;24.0;6.87;219.4;243.8
2014-10-12 09:49:04:755;2893.0;20008.0;2.1;0.0;243.9;11.71;6.76;50.06;0.0;2988.0;1478.0;2906.0;10.2;13.65;47.0;0.01;1510.0;219.1;0.0;6.89;218.8;243.5
2014-10-12 09:49:09:762;2900.0;20008.0;2.2;0.0;243.9;11.77;6.79;50.05;0.0;2991.0;1480.0;2904.0;10.3;13.71;47.0;0.0;1511.0;218.3;50.0;6.92;218.0;243.9
2014-10-12 09:49:14:770;2899.0;20008.0;2.1;0.0;243.9;11.72;6.79;50.05;0.0;2991.0;1480.0;2906.0;10.2;13.71;47.0;0.01;1511.0;218.4;0.0;6.92;218.0;243.6
2014-10-12 09:49:19:777;2898.0;20008.0;2.1;0.0;243.9;11.77;6.78;50.05;0.0;2990.0;1479.0;2901.0;10.3;13.7;47.0;0.01;1511.0;218.4;59.0;6.92;218.0;243.6
2014-10-12 09:49:24:785;2890.0;20008.0;2.1;0.0;243.9;11.85;6.79;50.04;0.0;2991.0;1480.0;2908.0;10.2;13.71;47.0;0.01;1511.0;218.3;0.0;6.92;217.9;243.5
2014-10-12 09:49:29:793;2899.0;20008.0;2.1;0.0;243.9;11.66;6.79;50.05;0.0;2991.0;1480.0;2899.0;10.3;13.71;47.0;0.01;1511.0;218.4;1.0;6.92;218.1;243.6
2014-10-12 09:49:34:800;2900.0;20008.0;2.2;0.0;243.9;11.77;6.67;50.06;0.0;2993.0;1481.0;2910.0;10.2;13.47;47.0;0.01;1512.0;220.4;0.0;6.8;220.1;243.5
2014-10-12 09:49:39:808;2896.0;20008.0;2.1;0.0;243.9;11.91;6.75;50.07;0.0;2997.0;1483.0;2916.0;10.2;13.63;47.0;0.01;1514.0;220.1;8.0;6.88;219.8;243.6
2014-10-12 09:49:44:815;2905.0;20008.0;2.2;0.0;243.9;11.6;6.75;50.08;0.0;2995.0;1482.0;2905.0;10.3;13.63;47.0;0.0;1513.0;219.8;4.0;6.88;219.5;243.9
2014-10-12 09:49:49:823;2905.0;20008.0;2.1;0.0;243.9;11.62;6.83;50.07;0.0;2997.0;1483.0;2909.0;10.2;13.79;47.0;0.01;1514.0;217.5;0.0;6.96;217.2;243.8
2014-10-12 09:49:54:830;2903.0;20008.0;2.2;0.0;243.9;11.96;6.81;50.07;0.0;2999.0;1484.0;2917.0;10.2;13.75;47.0;0.0;1515.0;218.3;0.0;6.94;218.0;244.1
2014-10-12 09:49:59:838;2910.0;20008.0;2.1;0.0;243.9;11.79;6.81;50.07;0.0;3001.0;1485.0;2916.0;10.2;13.75;47.0;0.01;1516.0;218.3;4.0;6.94;218.0;243.5
2014-10-12 09:50:04:846;2913.0;20008.0;2.1;0.0;243.9;11.64;6.82;50.06;0.0;3004.0;1486.0;2916.0;10.2;13.77;47.0;0.01;1518.0;218.4;0.0;6.95;218.0;243.5
2014-10-12 09:50:09:853;2908.0;20008.0;2.1;0.0;243.9;11.98;6.83;50.06;0.0;3005.0;1487.0;2923.0;10.2;13.79;47.0;0.01;1518.0;218.3;0.0;6.96;217.9;243.5
2014-10-12 09:50:14:861;2913.0;20008.0;2.1;0.0;243.9;11.64;6.82;50.05;0.0;3005.0;1488.0;2916.0;10.2;13.78;47.0;0.01;1519.0;216.4;0.0;6.96;216.0;243.4
2014-10-12 09:50:19:868;2908.0;20008.0;2.1;0.0;243.9;11.98;6.76;50.04;0.0;3006.0;1487.0;2925.0;10.2;13.66;47.0;0.01;1519.0;220.3;0.0;6.9;219.9;243.8
2014-10-12 09:50:24:876;2915.0;20008.0;2.1;0.0;243.9;11.65;6.88;50.05;0.0;3009.0;1489.0;2926.0;10.2;13.9;47.0;0.01;1520.0;216.5;0.0;7.02;216.2;244.0
2014-10-12 09:50:29:883;2916.0;20008.0;2.2;0.0;243.9;11.93;6.88;50.04;0.0;3011.0;1490.0;2923.0;10.3;13.9;47.0;0.01;1521.0;216.8;17.0;7.02;216.4;243.6
2014-10-12 09:50:34:890;2918.0;20008.0;2.1;0.0;243.9;11.76;6.81;50.05;0.0;3012.0;1490.0;2923.0;10.2;13.75;47.0;0.0;1522.0;219.3;0.0;6.94;218.9;243.9
2014-10-12 09:50:39:897;2917.0;20008.0;2.1;0.0;243.9;11.88;6.83;50.05;0.0;3010.0;1489.0;2919.0;10.2;13.79;47.0;0.0;1521.0;218.4;0.0;6.96;218.0;244.0
2014-10-12 09:50:44:904;2915.0;20008.0;2.2;0.0;243.9;11.85;6.83;50.05;0.0;3011.0;1490.0;2929.0;10.2;13.8;47.0;0.01;1521.0;218.4;0.0;6.97;218.0;243.3
2014-10-12 09:50:49:911;2919.0;20008.0;2.2;0.0;243.9;11.84;6.83;50.05;0.0;3008.0;1488.0;2920.0;10.3;13.79;47.0;0.01;1520.0;218.3;101.0;6.96;218.0;243.7
2014-10-12 09:50:54:918;2916.0;20008.0;2.2;0.0;243.9;11.8;6.83;50.04;0.0;3010.0;1490.0;2926.0;10.2;13.8;47.0;0.01;1521.0;220.3;0.0;6.97;220.0;244.1
2014-10-12 09:50:59:925;2918.0;20008.0;2.2;0.0;243.9;11.74;6.89;50.04;0.0;3009.0;1489.0;2920.0;10.3;13.91;47.0;0.01;1520.0;216.4;55.0;7.02;216.0;243.5
2014-10-12 09:51:04:932;2914.0;20008.0;2.1;0.0;243.9;12.02;6.78;50.02;0.0;3012.0;1490.0;2924.0;10.2;13.69;47.0;0.01;1522.0;220.3;0.0;6.91;219.9;243.2
2014-10-12 09:51:09:939;2912.0;20008.0;2.2;0.0;243.8;12.03;6.78;50.02;0.0;3012.0;1490.0;2926.0;10.2;13.69;47.0;0.0;1522.0;220.2;0.0;6.91;219.8;243.3
2014-10-12 09:51:14:946;2921.0;20008.0;2.1;0.0;243.8;11.77;6.79;50.01;0.0;3011.0;1490.0;2926.0;10.3;13.71;47.0;0.0;1521.0;219.9;0.0;6.92;219.5;243.5
2014-10-12 09:51:19:953;2919.0;20008.0;2.2;0.0;243.8;11.71;6.87;50.01;0.0;3014.0;1491.0;2932.0;10.2;13.87;47.0;0.0;1523.0;217.5;0.0;7.0;217.2;243.5
2014-10-12 09:51:24:960;2924.0;20008.0;2.1;0.0;243.8;11.67;6.84;50.04;0.0;3013.0;1491.0;2923.0;10.3;13.81;47.0;0.01;1522.0;218.4;57.0;6.97;218.0;243.8
2014-10-12 09:51:29:967;2913.0;20008.0;2.1;0.0;243.8;12.0;6.71;50.04;0.0;3009.0;1489.0;2929.0;10.2;13.55;47.0;0.02;1520.0;222.3;0.0;6.84;222.0;243.8
2014-10-12 09:51:34:975;2921.0;20008.0;2.2;0.0;243.8;11.62;6.84;50.06;0.0;3010.0;1489.0;2919.0;10.3;13.81;47.0;0.01;1521.0;220.3;3.0;6.97;220.0;244.3
2014-10-12 09:51:39:983;2909.0;20008.0;2.1;0.0;243.8;11.85;6.89;50.07;0.0;3009.0;1489.0;2928.0;10.2;13.91;47.0;0.01;1520.0;216.4;0.0;7.02;216.0;244.1
2014-10-12 09:51:44:991;2914.0;20008.0;2.1;0.0;243.8;11.93;6.77;50.06;0.0;3009.0;1489.0;2924.0;10.3;13.67;47.0;0.01;1520.0;220.4;3.0;6.9;220.0;244.0
2014-10-12 09:51:49:999;2919.0;20008.0;2.1;0.0;243.8;11.66;6.77;50.06;0.0;3009.0;1489.0;2921.0;10.2;13.67;47.0;0.02;1520.0;220.3;0.0;6.9;219.9;244.0
2014-10-12 09:51:55:007;2908.0;20008.0;2.1;0.0;243.8;11.95;6.88;50.06;0.0;3007.0;1488.0;2923.0;10.2;13.89;47.0;0.0;1519.0;216.5;0.0;7.01;216.2;244.6
2014-10-12 09:52:00:015;2913.0;20008.0;2.2;0.0;243.8;11.63;6.77;50.05;0.0;3005.0;1487.0;2920.0;10.3;13.68;47.0;0.01;1518.0;219.9;0.0;6.91;219.5;244.0
2014-10-12 09:52:05:023;2911.0;20008.0;2.1;0.0;243.8;11.92;6.86;50.03;0.0;3009.0;1489.0;2921.0;10.3;13.86;47.0;0.01;1520.0;217.4;0.0;7.0;217.0;244.0
2014-10-12 09:52:10:031;2910.0;20008.0;2.1;0.0;243.8;12.0;6.83;50.02;0.0;3011.0;1490.0;2926.0;10.3;13.8;47.0;0.01;1521.0;218.4;0.0;6.97;218.0;244.0
2014-10-12 09:52:15:038;2915.0;20008.0;2.1;0.0;243.8;11.84;6.84;50.01;0.0;3011.0;1491.0;2933.0;10.2;13.81;47.0;0.01;1523.0;216.4;0.0;6.97;216.0;244.0
2014-10-12 09:52:20:046;2921.0;20008.0;2.1;0.0;243.8;11.89;6.79;49.98;0.0;3018.0;1493.0;2947.0;10.2;13.71;47.0;0.0;1525.0;220.3;0.0;6.92;220.0;244.0
2014-10-12 09:52:25:054;2938.0;20008.0;2.2;0.0;243.8;12.08;6.79;50.0;0.0;3019.0;1494.0;2954.0;10.2;13.72;47.0;0.01;1525.0;220.3;0.0;6.93;220.0;244.4
2014-10-12 09:52:30:062;2944.0;20008.0;2.1;0.0;243.8;11.98;6.91;50.02;0.0;3018.0;1493.0;2963.0;10.2;13.95;47.0;0.02;1525.0;216.4;0.0;7.04;216.0;244.2
2014-10-12 09:52:35:069;2948.0;20008.0;2.1;0.0;243.8;11.77;6.91;50.02;0.0;3019.0;1494.0;2972.0;10.2;13.95;47.0;0.0;1525.0;216.4;0.0;7.04;216.1;244.2
2014-10-12 09:52:40:076;2951.0;20008.0;2.1;0.0;243.8;11.78;6.79;50.01;0.0;3020.0;1494.0;2968.0;10.3;13.71;47.0;0.0;1526.0;220.5;0.0;6.92;220.2;244.3
2014-10-12 09:52:45:083;2962.0;20008.0;2.2;0.0;243.8;11.88;6.82;50.02;0.0;3023.0;1496.0;2959.0;10.3;13.77;47.0;0.0;1527.0;219.9;69.0;6.95;219.5;244.3
2014-10-12 09:52:50:090;2958.0;20008.0;2.2;0.0;243.8;12.02;6.84;50.01;0.0;3026.0;1497.0;2962.0;10.3;13.81;47.0;0.0;1529.0;219.3;0.0;6.97;218.9;244.1
2014-10-12 09:52:55:097;2960.0;20008.0;2.2;0.0;243.8;12.14;6.87;50.02;0.0;3027.0;1498.0;2961.0;10.2;13.87;47.0;0.01;1529.0;219.6;0.0;7.0;219.2;244.3
2014-10-12 09:53:00:104;2953.0;20008.0;2.2;0.0;243.8;11.95;6.92;50.02;0.0;3023.0;1496.0;2973.0;10.2;13.98;47.0;0.0;1527.0;216.4;0.0;7.06;216.0;244.2
2014-10-12 09:53:05:112;2957.0;20008.0;2.1;0.0;243.8;11.9;6.81;50.01;0.0;3026.0;1497.0;2969.0;10.2;13.75;47.0;0.0;1529.0;220.3;0.0;6.94;220.0;244.1
2014-10-12 09:53:10:119;2963.0;20008.0;2.2;0.0;243.8;11.81;6.93;50.03;0.0;3025.0;1497.0;2965.0;10.3;13.99;47.0;0.01;1528.0;216.4;0.0;7.06;216.0;244.2
2014-10-12 09:53:15:126;2957.0;20008.0;2.1;0.0;243.8;12.07;6.81;50.04;0.0;3028.0;1498.0;2968.0;10.3;13.76;47.0;0.04;1530.0;220.3;26.0;6.95;219.9;244.1
2014-10-12 09:53:20:133;2953.0;20008.0;2.1;0.0;243.8;12.04;6.94;50.02;0.0;3029.0;1499.0;2972.0;10.2;14.01;47.0;0.03;1530.0;216.4;0.0;7.07;216.1;243.8
2014-10-12 09:53:25:140;2957.0;20008.0;2.1;0.0;243.8;12.09;6.82;49.99;0.0;3030.0;1499.0;2973.0;10.2;13.77;47.0;0.0;1531.0;220.2;0.0;6.95;219.8;244.0
2014-10-12 09:53:30:148;2954.0;20008.0;2.1;0.0;243.8;12.09;6.93;49.99;0.0;3032.0;1500.0;2961.0;10.2;14.0;47.0;0.0;1532.0;216.7;0.0;7.07;216.4;244.0
2014-10-12 09:53:35:156;2958.0;20008.0;2.1;0.0;243.8;12.18;6.84;50.0;0.0;3030.0;1499.0;2959.0;10.2;13.82;47.0;0.0;1531.0;218.8;0.0;6.98;218.4;243.8
2014-10-12 09:53:40:164;2951.0;20008.0;2.1;0.0;243.8;12.15;6.85;49.99;0.0;3032.0;1500.0;2966.0;10.2;13.84;47.0;0.01;1532.0;219.4;0.0;6.99;219.0;243.4
2014-10-12 09:53:45:172;2956.0;20008.0;2.1;0.0;243.8;12.09;6.94;49.99;0.0;3030.0;1499.0;2961.0;10.3;14.01;47.0;0.01;1531.0;216.4;0.0;7.07;216.0;243.8
2014-10-12 09:53:50:180;2965.0;20008.0;2.1;0.0;243.8;12.08;6.82;50.0;0.0;3031.0;1500.0;2963.0;10.3;13.77;47.0;0.0;1531.0;220.3;98.0;6.95;220.0;243.8
2014-10-12 09:53:55:188;2960.0;20008.0;2.1;0.0;243.8;12.15;6.94;50.0;0.0;3031.0;1500.0;2970.0;10.2;14.02;47.0;0.0;1531.0;216.4;0.0;7.08;216.0;243.9
2014-10-12 09:54:00:196;2967.0;20008.0;2.2;0.0;243.8;12.02;6.83;49.97;0.0;3034.0;1501.0;2980.0;10.3;13.79;47.0;0.0;1533.0;220.3;0.0;6.96;219.9;243.7
2014-10-12 09:54:05:203;2967.0;20008.0;2.1;0.0;243.8;11.98;6.83;49.96;0.0;3034.0;1501.0;2970.0;10.2;13.79;47.0;0.01;1533.0;220.3;0.0;6.96;219.9;243.5
2014-10-12 09:54:10:211;2963.0;20008.0;2.1;0.0;243.8;12.14;6.95;49.96;0.0;3037.0;1503.0;2977.0;10.2;14.03;47.0;0.03;1534.0;216.5;47.0;7.08;216.1;243.5
2014-10-12 09:54:15:219;2973.0;20008.0;2.1;0.0;243.8;11.86;6.84;49.97;0.0;3036.0;1502.0;2979.0;10.2;13.81;47.0;0.0;1534.0;218.5;0.0;6.97;218.1;243.3
2014-10-12 09:54:20:227;2969.0;20008.0;2.1;0.0;243.8;12.14;6.91;49.97;0.0;3037.0;1503.0;2972.0;10.2;13.95;47.0;0.0;1534.0;218.0;0.0;7.04;217.6;243.6
2014-10-12 09:54:25:235;2967.0;20008.0;2.1;0.0;243.8;12.09;6.87;49.96;0.0;3039.0;1504.0;2983.0;10.2;13.88;47.0;0.0;1535.0;219.3;1.0;7.01;218.9;243.6
2014-10-12 09:54:30:243;2966.0;20008.0;2.2;0.0;243.8;12.03;6.96;49.94;0.0;3040.0;1504.0;2979.0;10.2;14.05;47.0;0.01;1536.0;216.5;0.0;7.09;216.1;243.6
2014-10-12 09:54:35:251;2978.0;20008.0;2.1;0.0;243.8;12.12;6.85;49.95;0.0;3043.0;1506.0;2992.0;10.3;13.83;47.0;0.0;1537.0;220.3;0.0;6.98;220.0;243.7
2014-10-12 09:54:40:259;2980.0;20008.0;2.1;0.0;243.7;12.09;6.85;49.95;0.0;3046.0;1507.0;2981.0;10.1;13.83;47.0;0.0;1539.0;220.3;0.0;6.98;220.0;243.2
2014-10-12 09:54:45:266;2975.0;20008.0;2.2;0.0;243.7;12.19;6.85;49.96;0.0;3043.0;1506.0;2982.0;10.2;13.83;47.0;0.01;1537.0;220.3;47.0;6.98;219.9;242.9
2014-10-12 09:54:50:274;2978.0;20008.0;2.2;0.0;243.7;11.88;6.85;49.96;0.0;3044.0;1506.0;2989.0;10.3;13.83;47.0;0.01;1538.0;220.3;0.0;6.98;219.9;244.0
2014-10-12 09:54:55:282;2969.0;20008.0;2.1;0.0;243.7;12.19;6.97;49.97;0.0;3046.0;1507.0;2984.0;10.1;14.08;47.0;0.0;1539.0;218.3;0.0;7.11;217.9;243.7
2014-10-12 09:55:00:289;2979.0;20008.0;2.1;0.0;243.7;12.2;6.92;49.98;0.0;3049.0;1509.0;2981.0;10.2;13.97;47.0;0.0;1540.0;218.5;14.0;7.05;218.1;243.5
2014-10-12 09:55:05:297;2981.0;20008.0;2.1;0.0;243.7;11.94;6.94;49.98;0.0;3049.0;1509.0;2991.0;10.3;14.01;47.0;0.0;1540.0;218.0;0.0;7.07;217.6;243.9
2014-10-12 09:55:10:305;2996.0;20008.0;2.1;0.0;243.7;11.95;6.91;50.0;0.0;3052.0;1510.0;2993.0;10.2;13.95;47.0;0.0;1542.0;219.1;0.0;7.04;218.8;243.9
2014-10-12 09:55:15:313;2985.0;20008.0;2.1;0.0;243.7;11.97;6.98;50.02;0.0;3052.0;1510.0;2987.0;10.3;14.09;47.0;0.02;1542.0;216.6;0.0;7.11;216.3;243.8
2014-10-12 09:55:20:320;2983.0;20008.0;2.1;0.0;243.7;12.29;6.87;50.05;0.0;3055.0;1512.0;3001.0;10.2;13.88;47.0;0.0;1543.0;220.4;0.0;7.01;220.0;243.7
2014-10-12 09:55:25:328;2989.0;20008.0;2.1;0.0;243.7;11.89;7.0;50.04;0.0;3055.0;1512.0;2996.0;10.3;14.13;47.0;0.03;1543.0;216.3;0.0;7.13;216.0;243.9
2014-10-12 09:55:30:336;2988.0;20008.0;2.1;0.0;243.7;12.05;6.88;50.01;0.0;3058.0;1513.0;2990.0;10.2;13.89;47.0;0.03;1545.0;220.3;0.0;7.01;220.0;243.5
2014-10-12 09:55:35:343;2990.0;20008.0;2.1;0.0;243.7;12.08;7.0;50.0;0.0;3057.0;1513.0;2993.0;10.3;14.13;47.0;0.0;1544.0;216.4;0.0;7.13;216.0;243.6
2014-10-12 09:55:40:351;2989.0;20008.0;2.2;0.0;243.7;12.23;7.0;50.02;0.0;3058.0;1513.0;2997.0;10.2;14.14;47.0;0.0;1545.0;218.3;59.0;7.14;217.9;243.9
2014-10-12 09:55:45:359;2988.0;20008.0;2.1;0.0;243.7;12.23;6.95;50.03;0.0;3056.0;1512.0;2998.0;10.2;14.03;47.0;0.01;1544.0;218.2;0.0;7.08;217.8;243.8
2014-10-12 09:55:50:366;2987.0;20008.0;2.1;0.0;243.7;11.95;6.93;50.03;0.0;3056.0;1512.0;2995.0;10.3;13.99;47.0;0.0;1544.0;218.7;0.0;7.06;218.3;243.9
2014-10-12 09:55:55:374;2989.0;20008.0;2.1;0.0;243.7;11.97;6.96;50.02;0.0;3054.0;1511.0;2994.0;10.3;14.05;47.0;0.0;1543.0;217.7;23.0;7.09;217.3;243.7
2014-10-12 09:56:00:382;2994.0;20008.0;2.1;0.0;243.7;12.12;6.9;50.01;0.0;3058.0;1513.0;2995.0;10.2;13.93;47.0;0.0;1545.0;219.9;0.0;7.03;219.5;243.4
2014-10-12 09:56:05:389;2992.0;20008.0;2.1;0.0;243.7;12.1;6.88;49.98;0.0;3060.0;1514.0;2996.0;10.2;13.9;47.0;0.0;1546.0;220.4;0.0;7.02;220.0;243.4
2014-10-12 09:56:10:397;3004.0;20008.0;2.1;0.0;243.7;12.07;6.89;49.99;0.0;3062.0;1515.0;3007.0;10.2;13.91;47.0;0.0;1547.0;220.3;0.0;7.02;220.0;243.0
2014-10-12 09:56:15:405;3000.0;20008.0;2.1;0.0;243.7;11.96;6.89;49.99;0.0;3062.0;1515.0;3003.0;10.3;13.91;47.0;0.0;1547.0;220.3;1.0;7.02;219.9;243.3
2014-10-12 09:56:20:413;2989.0;20008.0;2.2;0.0;243.7;12.24;7.01;49.97;0.0;3061.0;1514.0;2997.0;10.2;14.15;47.0;0.0;1546.0;218.3;0.0;7.14;218.0;242.0
2014-10-12 09:56:25:420;2993.0;20008.0;2.3;0.0;243.6;12.34;6.95;49.97;0.0;3062.0;1515.0;2996.0;10.2;14.03;47.0;0.0;1547.0;218.4;18.0;7.08;218.0;242.3
2014-10-12 09:56:30:428;2999.0;20008.0;2.2;0.0;243.6;12.08;6.82;49.97;0.0;3059.0;1514.0;3003.0;10.2;13.77;47.0;0.01;1545.0;222.2;2.0;6.95;221.9;242.2
2014-10-12 09:56:35:435;2995.0;20008.0;2.2;0.0;243.6;12.23;6.96;49.96;0.0;3059.0;1514.0;3003.0;10.1;14.05;47.0;0.0;1545.0;218.1;0.0;7.09;217.7;242.1
2014-10-12 09:56:40:443;3006.0;20008.0;2.2;0.0;243.6;12.4;6.93;49.95;0.0;3061.0;1515.0;3013.0;10.1;14.0;47.0;0.02;1546.0;218.9;51.0;7.07;218.6;239.6
2014-10-12 09:56:45:451;2996.0;20008.0;2.3;0.0;243.6;12.32;6.99;49.95;0.0;3060.0;1514.0;3007.0;10.1;14.11;47.0;0.0;1546.0;217.0;0.0;7.12;216.6;239.8
2014-10-12 09:56:50:458;3005.0;20008.0;2.2;0.0;243.5;12.4;6.9;49.94;0.0;3065.0;1517.0;3019.0;10.2;13.93;48.0;0.0;1548.0;220.4;1.0;7.03;220.0;239.9
2014-10-12 09:56:55:466;3000.0;20008.0;2.2;0.0;243.5;12.52;6.9;49.93;0.0;3066.0;1517.0;3013.0;10.1;13.93;48.0;0.01;1549.0;220.3;0.0;7.03;220.0;240.0
2014-10-12 09:57:00:473;3009.0;20008.0;2.2;0.0;243.5;12.2;7.02;49.94;0.0;3066.0;1516.0;3012.0;10.1;14.17;48.0;0.01;1548.0;218.3;0.0;7.15;218.0;240.3
2014-10-12 09:57:05:481;3004.0;20008.0;2.3;0.0;243.4;12.49;6.96;49.95;0.0;3066.0;1517.0;3016.0;10.1;14.06;48.0;0.0;1549.0;218.3;30.0;7.1;218.0;239.9
2014-10-12 09:57:10:488;3004.0;20008.0;2.2;0.0;243.4;12.33;6.96;49.93;0.0;3066.0;1517.0;3009.0;10.1;14.05;48.0;0.01;1549.0;218.4;0.0;7.09;218.0;240.6
2014-10-12 09:57:15:496;3009.0;20008.0;2.2;0.0;243.4;12.29;6.96;49.94;0.0;3066.0;1517.0;3019.0;10.1;14.05;48.0;0.0;1549.0;218.5;2.0;7.09;218.1;239.6
2014-10-12 09:57:20:504;3003.0;20008.0;2.1;0.0;243.3;12.62;6.95;49.93;0.0;3066.0;1517.0;3017.0;10.0;14.04;48.0;0.0;1549.0;218.6;0.0;7.09;218.2;239.6
2014-10-12 09:57:25:511;3007.0;20008.0;2.1;0.0;243.3;12.24;6.94;49.95;0.0;3066.0;1517.0;3016.0;10.1;14.02;48.0;0.01;1549.0;219.0;0.0;7.08;218.6;240.5
2014-10-12 09:57:30:518;3007.0;20008.0;2.1;0.0;243.3;12.5;7.0;49.95;0.0;3064.0;1516.0;3025.0;10.1;14.13;48.0;0.01;1548.0;217.0;0.0;7.13;216.6;240.6
2014-10-12 09:57:35:525;3005.0;20008.0;2.1;0.0;243.2;12.44;6.9;49.93;0.0;3067.0;1518.0;3013.0;10.0;13.93;48.0;0.0;1549.0;220.4;0.0;7.03;220.0;239.7
2014-10-12 09:57:40:533;3008.0;20008.0;2.1;0.0;243.2;12.3;7.03;49.94;0.0;3068.0;1518.0;3024.0;10.1;14.19;48.0;0.0;1550.0;218.3;3.0;7.16;218.0;239.9
2014-10-12 09:57:45:540;3009.0;20008.0;2.1;0.0;243.2;12.59;6.97;49.95;0.0;3072.0;1520.0;3019.0;10.0;14.08;48.0;0.01;1552.0;218.4;0.0;7.11;218.0;239.7
2014-10-12 09:57:50:547;3021.0;20008.0;2.1;0.0;243.1;12.47;6.98;49.98;0.0;3076.0;1522.0;3030.0;10.1;14.1;48.0;0.01;1554.0;218.4;0.0;7.12;218.0;239.9
2014-10-12 09:57:55:554;3019.0;20008.0;2.2;0.0;243.1;12.39;6.99;50.0;0.0;3076.0;1522.0;3027.0;10.2;14.11;48.0;0.0;1554.0;218.3;5.0;7.12;217.9;239.8
2014-10-12 09:58:00:561;3022.0;20008.0;2.2;0.0;243.1;12.48;6.99;50.01;0.0;3080.0;1524.0;3023.0;10.2;14.11;48.0;0.0;1556.0;218.4;0.0;7.12;218.1;240.6
2014-10-12 09:58:05:568;3029.0;20008.0;2.3;0.0;243.0;12.45;6.99;50.0;0.0;3084.0;1526.0;3031.0;10.1;14.12;48.0;0.0;1558.0;218.6;44.0;7.13;218.2;239.8
2014-10-12 09:58:10:575;3033.0;20008.0;2.3;0.0;243.0;12.45;6.99;50.01;0.0;3084.0;1526.0;3031.0;10.2;14.11;48.0;0.02;1558.0;218.9;131.0;7.12;218.5;239.9
2014-10-12 09:58:15:582;3029.0;20008.0;2.3;0.0;243.0;12.61;6.91;50.02;0.0;3084.0;1526.0;3033.0;10.1;13.95;48.0;0.0;1558.0;221.1;61.0;7.04;220.8;240.4
2014-10-12 09:58:20:589;3024.0;20008.0;2.4;0.0;243.0;12.58;7.06;50.03;0.0;3084.0;1526.0;3041.0;10.1;14.26;48.0;0.0;1558.0;219.0;0.0;7.2;218.6;240.6
2014-10-12 09:58:25:596;3031.0;20008.0;2.2;0.0;242.9;12.28;7.01;50.04;0.0;3086.0;1527.0;3032.0;10.1;14.15;48.0;0.01;1559.0;218.3;0.0;7.14;218.0;240.3
2014-10-12 09:58:30:604;3023.0;20008.0;2.4;0.0;242.9;12.58;7.01;50.03;0.0;3086.0;1527.0;3031.0;10.2;14.15;48.0;0.02;1559.0;218.4;4.0;7.14;218.0;240.8
2014-10-12 09:58:35:611;3028.0;20008.0;2.4;0.0;242.9;12.56;7.0;50.02;0.0;3086.0;1527.0;3037.0;10.1;14.14;48.0;0.01;1559.0;218.4;0.0;7.14;218.0;240.6
2014-10-12 09:58:40:619;3022.0;20008.0;2.4;0.0;242.9;12.33;7.0;50.0;0.0;3084.0;1526.0;3034.0;10.2;14.14;48.0;0.0;1558.0;218.4;0.0;7.14;218.0;241.1
2014-10-12 09:58:45:627;3017.0;20008.0;2.4;0.0;242.8;12.47;7.0;49.99;0.0;3084.0;1526.0;3032.0;10.1;14.13;48.0;0.0;1558.0;218.5;0.0;7.13;218.1;240.2
2014-10-12 09:58:50:635;3016.0;20008.0;2.2;0.0;242.8;12.34;7.0;50.02;0.0;3080.0;1524.0;3031.0;10.1;14.14;48.0;0.0;1556.0;218.2;0.0;7.14;217.8;240.1
2014-10-12 09:58:55:643;3033.0;20008.0;2.1;0.0;242.8;12.3;6.98;50.03;0.0;3080.0;1524.0;3022.0;10.1;14.1;48.0;0.01;1556.0;218.8;88.0;7.12;218.4;240.1
2014-10-12 09:59:00:651;3016.0;20008.0;2.1;0.0;242.7;12.58;6.96;50.03;0.0;3078.0;1523.0;3024.0;10.1;14.05;48.0;0.0;1555.0;216.9;3.0;7.09;216.5;240.6
2014-10-12 09:59:05:659;3021.0;20008.0;2.1;0.0;242.7;12.57;6.97;50.01;0.0;3078.0;1523.0;3026.0;10.1;14.07;48.0;0.0;1555.0;219.0;0.0;7.1;218.6;240.4
2014-10-12 09:59:10:667;3017.0;20008.0;2.2;0.0;242.7;12.6;6.99;50.0;0.0;3080.0;1524.0;3025.0;10.1;14.12;48.0;0.01;1556.0;218.4;0.0;7.13;218.0;239.9
2014-10-12 09:59:15:675;3014.0;20008.0;2.3;0.0;242.7;12.42;6.99;50.02;0.0;3077.0;1522.0;3027.0;10.1;14.11;48.0;0.02;1555.0;218.3;0.0;7.12;218.0;241.3
2014-10-12 09:59:20:682;3021.0;20008.0;2.4;0.0;242.6;12.26;6.98;50.01;0.0;3076.0;1522.0;3033.0;10.2;14.1;48.0;0.02;1554.0;218.4;0.0;7.12;218.0;241.4
2014-10-12 09:59:25:690;3025.0;20008.0;2.4;0.0;242.6;12.2;6.99;50.02;0.0;3076.0;1522.0;3028.0;10.2;14.11;48.0;0.0;1554.0;218.3;0.0;7.12;217.9;241.6
2014-10-12 09:59:30:698;3015.0;20008.0;2.4;0.0;242.6;12.2;6.98;50.02;0.0;3074.0;1521.0;3013.0;10.3;14.09;48.0;0.0;1553.0;218.4;7.0;7.11;218.1;241.4
2014-10-12 09:59:35:706;3014.0;20008.0;2.4;0.0;242.6;12.33;6.99;50.02;0.0;3074.0;1521.0;3010.0;10.3;14.11;48.0;0.0;1553.0;218.1;11.0;7.12;217.8;242.9
2014-10-12 09:59:40:714;3009.0;20008.0;2.1;0.0;242.6;12.48;6.97;50.01;0.0;3073.0;1521.0;3016.0;10.1;14.07;48.0;0.01;1552.0;216.6;0.0;7.1;216.2;242.0
2014-10-12 09:59:45:721;2999.0;20008.0;2.1;0.0;242.6;12.49;6.92;49.99;0.0;3072.0;1520.0;3010.0;10.1;13.98;48.0;0.0;1552.0;219.8;0.0;7.06;219.5;241.7
2014-10-12 09:59:50:729;3010.0;20008.0;2.1;0.0;242.5;12.42;7.0;49.97;0.0;3072.0;1520.0;3016.0;10.2;14.14;48.0;0.01;1552.0;217.6;29.0;7.14;217.2;241.1
2014-10-12 09:59:55:737;3006.0;20008.0;2.1;0.0;242.5;12.14;6.97;49.95;0.0;3070.0;1519.0;3013.0;10.2;14.07;48.0;0.0;1551.0;218.4;0.0;7.1;218.0;241.4
2014-10-12 10:00:00:745;2995.0;20008.0;2.2;0.0;242.5;12.51;6.97;49.97;0.0;3070.0;1519.0;3011.0;10.1;14.07;48.0;0.01;1551.0;218.4;0.0;7.1;218.0;241.6
2014-10-12 10:00:05:752;3009.0;20008.0;2.2;0.0;242.5;12.4;6.97;49.99;0.0;3072.0;1520.0;3013.0;10.2;14.08;48.0;0.0;1552.0;218.3;80.0;7.11;218.0;242.1
2014-10-12 10:00:10:760;3015.0;20008.0;2.2;0.0;242.5;12.29;6.98;49.99;0.0;3072.0;1520.0;3018.0;10.2;14.09;48.0;0.0;1552.0;218.4;97.0;7.11;218.0;242.3
2014-10-12 10:00:15:768;3016.0;20008.0;2.1;0.0;242.5;12.2;6.97;49.99;0.0;3070.0;1519.0;3015.0;10.2;14.08;48.0;0.02;1551.0;218.3;107.0;7.11;217.9;241.5
2014-10-12 10:00:20:776;3017.0;20008.0;2.0;0.0;242.4;12.19;6.97;49.98;0.0;3068.0;1518.0;3016.0;10.1;14.08;48.0;0.01;1550.0;218.2;0.0;7.11;217.8;239.9
2014-10-12 10:00:25:784;2998.0;20008.0;2.2;0.0;242.4;12.43;6.98;49.95;0.0;3067.0;1518.0;3008.0;10.1;14.09;48.0;0.01;1550.0;220.2;0.0;7.11;219.8;240.4
2014-10-12 10:00:30:791;3018.0;20008.0;2.2;0.0;242.4;12.17;7.03;49.95;0.0;3070.0;1519.0;3019.0;10.2;14.19;48.0;0.01;1551.0;216.7;15.0;7.16;216.3;240.5
2014-10-12 10:00:35:799;3008.0;20008.0;2.2;0.0;242.4;12.43;6.92;49.96;0.0;3068.0;1518.0;3009.0;10.1;13.98;48.0;0.01;1550.0;219.5;0.0;7.06;219.2;240.6
2014-10-12 10:00:40:806;3008.0;20008.0;2.1;0.0;242.4;12.19;7.08;49.94;0.0;3066.0;1517.0;3018.0;10.2;14.3;48.0;0.0;1549.0;214.6;68.0;7.22;214.3;241.4
2014-10-12 10:00:45:814;2997.0;20008.0;2.1;0.0;242.3;12.48;6.97;49.94;0.0;3070.0;1519.0;3010.0;10.1;14.07;48.0;0.0;1551.0;218.4;0.0;7.1;218.0;241.5
2014-10-12 10:00:50:822;3008.0;20008.0;2.1;0.0;242.3;12.12;6.96;49.95;0.0;3066.0;1517.0;3018.0;10.1;14.06;48.0;0.0;1549.0;218.4;1.0;7.1;218.0;240.9
2014-10-12 10:00:55:829;3006.0;20008.0;2.1;0.0;242.3;12.45;6.96;49.96;0.0;3066.0;1517.0;3007.0;10.0;14.06;48.0;0.0;1549.0;218.4;0.0;7.1;218.0;240.7
2014-10-12 10:01:00:837;3007.0;20008.0;2.1;0.0;242.3;12.36;7.09;49.96;0.0;3068.0;1518.0;3019.0;10.1;14.32;48.0;0.01;1550.0;214.4;69.0;7.23;214.0;240.7
2014-10-12 10:01:05:844;2999.0;20008.0;2.4;0.0;242.2;12.28;6.96;49.96;0.0;3070.0;1517.0;3009.0;10.1;14.05;48.0;0.0;1549.0;216.4;0.0;7.09;216.0;241.1
2014-10-12 10:01:10:852;3005.0;20008.0;2.4;0.0;242.2;12.49;7.03;49.96;0.0;3070.0;1519.0;3015.0;10.2;14.2;48.0;0.02;1551.0;216.5;1.0;7.17;216.1;240.8
2014-10-12 10:01:15:860;3010.0;20008.0;2.4;0.0;242.2;12.14;7.05;49.95;0.0;3072.0;1520.0;3024.0;10.3;14.24;48.0;0.0;1552.0;216.0;0.0;7.19;215.6;241.3
2014-10-12 10:01:20:867;3011.0;20008.0;2.4;0.0;242.2;12.5;7.07;49.96;0.0;3076.0;1522.0;3021.0;10.2;14.28;48.0;0.0;1554.0;215.6;0.0;7.21;215.2;241.7
2014-10-12 10:01:25:875;3020.0;20008.0;2.4;0.0;242.2;12.27;7.0;49.97;0.0;3080.0;1524.0;3028.0;10.2;14.14;48.0;0.0;1556.0;218.1;3.0;7.14;217.7;241.1
2014-10-12 10:01:30:882;3014.0;20008.0;2.4;0.0;242.1;12.25;7.12;49.97;0.0;3078.0;1523.0;3029.0;10.2;14.38;48.0;0.0;1555.0;214.3;0.0;7.26;214.0;240.6
2014-10-12 10:01:35:890;3012.0;20008.0;2.4;0.0;242.1;12.52;7.11;49.97;0.0;3078.0;1523.0;3020.0;10.1;14.36;48.0;0.01;1555.0;214.3;0.0;7.25;214.0;240.6
2014-10-12 10:01:40:898;3016.0;20008.0;2.4;0.0;242.1;12.37;6.99;49.97;0.0;3078.0;1523.0;3017.0;10.2;14.12;48.0;0.0;1555.0;218.4;8.0;7.13;218.0;240.8
2014-10-12 10:01:45:905;3015.0;20008.0;2.4;0.0;242.1;12.18;6.99;49.99;0.0;3078.0;1523.0;3028.0;10.2;14.11;48.0;0.02;1555.0;216.4;0.0;7.12;216.0;241.5
2014-10-12 10:01:50:913;3022.0;20008.0;2.4;0.0;242.0;12.14;7.05;49.99;0.0;3078.0;1523.0;3029.0;10.2;14.24;48.0;0.03;1555.0;216.4;0.0;7.19;216.0;241.2
2014-10-12 10:01:55:921;3015.0;20008.0;2.3;0.0;242.0;12.23;7.04;49.98;0.0;3076.0;1522.0;3019.0;10.1;14.22;48.0;0.04;1554.0;216.5;0.0;7.18;216.1;241.0
2014-10-12 10:02:00:928;3001.0;20008.0;2.3;0.0;242.0;12.41;7.04;49.98;0.0;3075.0;1521.0;3009.0;10.1;14.22;48.0;0.04;1554.0;216.6;0.0;7.18;216.2;242.2
2014-10-12 10:02:05:936;3003.0;20008.0;2.4;0.0;242.0;12.41;7.07;49.97;0.0;3076.0;1522.0;3020.0;10.2;14.27;48.0;0.0;1554.0;215.8;0.0;7.2;215.4;242.2
2014-10-12 10:02:10:943;3015.0;20008.0;2.4;0.0;241.9;12.07;7.09;49.97;0.0;3075.0;1521.0;3022.0;10.3;14.32;48.0;0.0;1554.0;215.0;0.0;7.23;214.6;242.2
2014-10-12 10:02:15:951;3009.0;20008.0;2.4;0.0;241.9;12.3;6.98;49.98;0.0;3074.0;1521.0;3012.0;10.2;14.1;48.0;0.0;1553.0;218.3;0.0;7.12;218.0;242.6
2014-10-12 10:02:20:959;3001.0;20008.0;2.4;0.0;241.9;12.44;7.11;49.99;0.0;3074.0;1521.0;3010.0;10.2;14.35;48.0;0.0;1553.0;214.4;0.0;7.24;214.0;242.4
2014-10-12 10:02:25:966;3002.0;20008.0;2.4;0.0;241.9;12.45;6.98;49.98;0.0;3076.0;1522.0;3015.0;10.2;14.1;48.0;0.0;1554.0;216.4;0.0;7.12;216.0;242.4
2014-10-12 10:02:30:974;3016.0;20008.0;2.4;0.0;241.9;12.28;7.05;49.98;0.0;3076.0;1522.0;3015.0;10.3;14.24;48.0;0.0;1554.0;216.4;126.0;7.19;216.0;242.6
2014-10-12 10:02:35:982;3021.0;20008.0;2.4;0.0;241.9;12.13;7.05;49.98;0.0;3078.0;1523.0;3023.0;10.3;14.24;48.0;0.0;1555.0;216.4;0.0;7.19;216.0;242.2
2014-10-12 10:02:40:989;3015.0;20008.0;2.4;0.0;241.9;12.12;7.05;49.98;0.0;3078.0;1523.0;3017.0;10.3;14.24;48.0;0.0;1555.0;216.4;0.0;7.19;216.1;242.2
2014-10-12 10:02:45:997;3010.0;20008.0;2.4;0.0;241.8;12.16;7.05;49.99;0.0;3074.0;1521.0;3018.0;10.2;14.24;48.0;0.01;1553.0;216.1;0.0;7.19;215.8;242.1
2014-10-12 10:02:51:005;3005.0;20008.0;2.4;0.0;241.8;12.4;7.03;49.97;0.0;3076.0;1522.0;3014.0;10.2;14.2;48.0;0.03;1554.0;216.9;0.0;7.17;216.5;242.2
2014-10-12 10:02:56:012;3015.0;20008.0;2.4;0.0;241.8;12.22;7.02;49.95;0.0;3078.0;1523.0;3025.0;10.3;14.17;48.0;0.0;1555.0;217.6;68.0;7.15;217.2;242.1
2014-10-12 10:03:01:020;3017.0;20008.0;2.4;0.0;241.8;12.21;7.12;49.97;0.0;3080.0;1524.0;3023.0;10.3;14.38;48.0;0.0;1556.0;214.4;0.0;7.26;214.0;242.6
2014-10-12 10:03:06:027;3005.0;20008.0;2.4;0.0;241.8;12.47;6.99;49.97;0.0;3080.0;1524.0;3017.0;10.2;14.12;48.0;0.0;1556.0;216.3;0.0;7.13;216.0;242.2
2014-10-12 10:03:11:035;3015.0;20008.0;2.4;0.0;241.7;12.38;7.06;49.99;0.0;3080.0;1524.0;3020.0;10.2;14.25;48.0;0.04;1556.0;216.3;7.0;7.19;216.0;242.1
2014-10-12 10:03:16:043;3009.0;20008.0;2.4;0.0;241.7;12.42;7.05;50.01;0.0;3078.0;1523.0;3021.0;10.2;14.24;48.0;0.0;1555.0;216.4;0.0;7.19;216.0;242.3
2014-10-12 10:03:21:050;3006.0;20008.0;2.4;0.0;241.7;12.51;7.05;50.01;0.0;3078.0;1523.0;3011.0;10.2;14.24;48.0;0.04;1555.0;216.3;0.0;7.19;216.0;242.1
2014-10-12 10:03:26:058;3010.0;20008.0;2.4;0.0;241.7;12.43;7.05;50.01;0.0;3078.0;1523.0;3024.0;10.2;14.24;48.0;0.0;1555.0;216.4;0.0;7.19;216.1;242.2
2014-10-12 10:03:31:066;3014.0;20008.0;2.4;0.0;241.7;12.36;7.06;50.01;0.0;3079.0;1523.0;3020.0;10.2;14.26;48.0;0.0;1556.0;216.2;0.0;7.2;215.8;242.3
2014-10-12 10:03:36:073;3013.0;20008.0;2.4;0.0;241.7;12.25;7.05;50.01;0.0;3081.0;1524.0;3024.0;10.2;14.23;48.0;0.01;1557.0;216.8;0.0;7.18;216.4;242.7
2014-10-12 10:03:41:081;3022.0;20008.0;2.4;0.0;241.7;12.05;7.1;50.02;0.0;3082.0;1525.0;3031.0;10.3;14.33;48.0;0.0;1557.0;215.3;0.0;7.23;214.9;243.1
2014-10-12 10:03:46:088;3017.0;20008.0;2.4;0.0;241.7;12.18;7.0;50.01;0.0;3084.0;1526.0;3022.0;10.3;14.14;48.0;0.04;1558.0;218.3;0.0;7.14;217.9;242.4
2014-10-12 10:03:51:096;3022.0;20008.0;2.4;0.0;241.7;12.27;7.13;50.01;0.0;3086.0;1527.0;3020.0;10.3;14.4;48.0;0.0;1559.0;216.3;0.0;7.27;216.0;242.4
2014-10-12 10:03:56:104;3018.0;20008.0;2.4;0.0;241.6;12.52;7.07;50.01;0.0;3088.0;1528.0;3018.0;10.2;14.28;48.0;0.0;1560.0;216.4;0.0;7.21;216.0;242.0
2014-10-12 10:04:01:111;3014.0;20008.0;2.4;0.0;241.6;12.64;7.07;50.02;0.0;3084.0;1526.0;3021.0;10.1;14.27;48.0;0.02;1558.0;216.4;0.0;7.2;216.0;240.4
2014-10-12 10:04:06:119;3021.0;20008.0;2.4;0.0;241.6;12.53;7.07;50.02;0.0;3085.0;1526.0;3031.0;10.1;14.28;48.0;0.0;1559.0;216.3;0.0;7.21;215.9;240.2
2014-10-12 10:04:11:126;3018.0;20008.0;2.4;0.0;241.6;12.2;7.06;50.04;0.0;3082.0;1525.0;3021.0;10.2;14.26;48.0;0.0;1557.0;216.4;0.0;7.2;216.0;240.5
2014-10-12 10:04:16:134;3013.0;20008.0;2.4;0.0;241.5;12.57;7.07;50.04;0.0;3082.0;1525.0;3030.0;10.2;14.27;48.0;0.0;1557.0;216.2;3.0;7.2;215.8;240.7
2014-10-12 10:04:21:142;3019.0;20008.0;2.4;0.0;241.5;12.4;7.06;50.03;0.0;3084.0;1526.0;3037.0;10.2;14.25;48.0;0.0;1558.0;216.7;0.0;7.19;216.4;240.1
2014-10-12 10:04:26:149;3018.0;20008.0;2.4;0.0;241.5;12.18;7.1;50.01;0.0;3084.0;1526.0;3031.0;10.3;14.33;48.0;0.0;1558.0;215.4;0.0;7.23;215.1;242.1
2014-10-12 10:04:31:156;3024.0;20008.0;2.4;0.0;241.5;12.19;7.02;50.03;0.0;3086.0;1527.0;3027.0;10.3;14.17;48.0;0.02;1559.0;217.3;0.0;7.15;216.9;242.2
2014-10-12 10:04:36:163;3024.0;20008.0;2.4;0.0;241.5;12.55;7.09;50.03;0.0;3092.0;1530.0;3038.0;10.2;14.32;48.0;0.0;1562.0;216.3;0.0;7.23;215.9;242.3
2014-10-12 10:04:41:170;3024.0;20008.0;2.4;0.0;241.5;12.53;7.09;50.0;0.0;3094.0;1531.0;3033.0;10.2;14.32;48.0;0.04;1563.0;216.3;0.0;7.23;216.0;242.7
2014-10-12 10:04:46:177;3033.0;20008.0;2.3;0.0;241.5;12.48;7.1;49.97;0.0;3097.0;1532.0;3036.0;10.2;14.33;48.0;0.0;1565.0;216.4;0.0;7.23;216.0;242.7
2014-10-12 10:04:51:184;3032.0;20008.0;2.2;0.0;241.4;12.17;6.96;49.97;0.0;3094.0;1531.0;3047.0;10.3;14.05;48.0;0.02;1563.0;220.3;49.0;7.09;219.9;242.7
2014-10-12 10:04:56:191;3038.0;20008.0;2.2;0.0;241.4;12.2;7.11;49.98;0.0;3100.0;1534.0;3045.0;10.2;14.35;48.0;0.0;1566.0;216.3;0.0;7.24;215.9;242.9
2014-10-12 10:05:01:198;3035.0;20008.0;2.1;0.0;241.4;12.39;7.1;50.0;0.0;3101.0;1534.0;3046.0;10.2;14.34;48.0;0.0;1567.0;216.5;0.0;7.24;216.1;243.0
2014-10-12 10:05:06:205;3032.0;20008.0;2.1;0.0;241.4;12.41;7.12;50.0;0.0;3101.0;1534.0;3046.0;10.2;14.37;48.0;0.02;1567.0;216.1;0.0;7.25;215.7;242.9
2014-10-12 10:05:11:212;3036.0;20008.0;2.1;0.0;241.4;12.38;7.09;49.99;0.0;3104.0;1536.0;3053.0;10.1;14.32;48.0;0.0;1568.0;214.7;0.0;7.23;214.3;242.6
2014-10-12 10:05:16:219;3035.0;20008.0;2.1;0.0;241.4;12.55;7.08;49.98;0.0;3105.0;1536.0;3043.0;10.1;14.29;48.0;0.02;1569.0;217.4;0.0;7.21;217.1;241.8
2014-10-12 10:05:21:226;3039.0;20008.0;2.1;0.0;241.4;12.58;7.13;49.99;0.0;3109.0;1538.0;3044.0;10.1;14.4;48.0;0.03;1571.0;216.2;0.0;7.27;215.8;242.2
2014-10-12 10:05:26:233;3051.0;20008.0;2.1;0.0;241.4;12.41;7.13;49.97;0.0;3111.0;1539.0;3060.0;10.2;14.4;48.0;0.05;1572.0;216.3;80.0;7.27;216.0;241.8
2014-10-12 10:05:31:241;3045.0;20008.0;2.1;0.0;241.4;12.39;7.13;49.94;0.0;3112.0;1540.0;3051.0;10.1;14.4;48.0;0.0;1572.0;216.3;0.0;7.27;216.0;242.5
2014-10-12 10:05:36:249;3050.0;20008.0;2.1;0.0;241.4;12.33;7.0;49.94;0.0;3113.0;1540.0;3065.0;10.2;14.14;48.0;0.03;1573.0;220.3;21.0;7.14;220.0;242.2
2014-10-12 10:05:41:257;3041.0;20008.0;2.1;0.0;241.3;12.66;7.14;49.94;0.0;3115.0;1541.0;3051.0;10.1;14.42;48.0;0.04;1574.0;216.3;0.0;7.28;215.9;242.0
2014-10-12 10:05:46:264;3061.0;20008.0;2.1;0.0;241.3;12.24;7.15;49.96;0.0;3115.0;1541.0;3067.0;10.2;14.44;48.0;0.04;1574.0;216.2;5.0;7.29;215.9;242.9
2014-10-12 10:05:51:272;3051.0;20008.0;2.1;0.0;241.3;12.56;7.14;49.96;0.0;3118.0;1543.0;3056.0;10.2;14.41;48.0;0.0;1575.0;218.2;0.0;7.27;217.8;243.0
2014-10-12 10:05:56:280;3056.0;20008.0;2.1;0.0;241.3;12.41;7.09;49.98;0.0;3119.0;1543.0;3062.0;10.2;14.32;48.0;0.05;1576.0;218.0;118.0;7.23;217.6;242.4
2014-10-12 10:06:01:288;3062.0;20008.0;2.1;0.0;241.3;12.25;7.11;49.98;0.0;3119.0;1543.0;3070.0;10.3;14.35;49.0;0.0;1576.0;217.6;10.0;7.24;217.2;242.9
2014-10-12 10:06:06:296;3055.0;20008.0;2.1;0.0;241.3;12.28;7.14;49.98;0.0;3120.0;1544.0;3063.0;10.2;14.42;49.0;0.03;1576.0;216.6;0.0;7.28;216.3;243.1
2014-10-12 10:06:11:304;3048.0;20008.0;2.1;0.0;241.3;12.52;7.02;49.99;0.0;3119.0;1543.0;3071.0;10.2;14.17;49.0;0.02;1576.0;220.3;0.0;7.15;220.0;243.0
2014-10-12 10:06:16:312;3054.0;20008.0;2.4;0.0;241.3;12.51;7.16;50.01;0.0;3125.0;1546.0;3066.0;10.2;14.46;49.0;0.0;1579.0;216.4;0.0;7.3;216.0;243.1
2014-10-12 10:06:21:319;3051.0;20008.0;2.1;0.0;241.3;12.55;7.16;49.98;0.0;3125.0;1546.0;3065.0;10.1;14.46;49.0;0.0;1579.0;216.4;0.0;7.3;216.0;242.9
2014-10-12 10:06:26:327;3053.0;20008.0;2.1;0.0;241.3;12.65;7.03;49.98;0.0;3124.0;1546.0;3069.0;10.2;14.19;49.0;0.0;1578.0;220.3;0.0;7.16;219.9;242.9
2014-10-12 10:06:31:335;3066.0;20008.0;2.1;0.0;241.3;12.51;7.17;49.99;0.0;3129.0;1548.0;3068.0;10.2;14.48;49.0;0.0;1581.0;218.3;117.0;7.31;217.9;243.1
2014-10-12 10:06:36:343;3072.0;20008.0;2.1;0.0;241.3;12.4;7.11;49.99;0.0;3131.0;1549.0;3078.0;10.2;14.36;49.0;0.0;1582.0;218.2;118.0;7.25;217.9;243.1
2014-10-12 10:06:41:350;3074.0;20008.0;2.1;0.0;241.3;12.44;7.12;50.0;0.0;3131.0;1549.0;3077.0;10.2;14.37;49.0;0.04;1582.0;218.1;0.0;7.25;217.7;242.9
2014-10-12 10:06:46:358;3067.0;20008.0;2.1;0.0;241.4;12.39;7.13;50.01;0.0;3131.0;1549.0;3069.0;10.2;14.4;49.0;0.04;1582.0;217.7;33.0;7.27;217.3;243.2
2014-10-12 10:06:51:366;3064.0;20008.0;2.1;0.0;241.4;12.65;7.19;50.03;0.0;3133.0;1550.0;3074.0;10.1;14.52;49.0;0.04;1583.0;215.9;0.0;7.33;215.5;243.2
2014-10-12 10:06:56:373;3064.0;20008.0;2.1;0.0;241.4;12.48;7.04;50.04;0.0;3129.0;1548.0;3080.0;10.2;14.21;49.0;0.0;1581.0;220.3;0.0;7.17;220.0;243.1
2014-10-12 10:07:01:381;3075.0;20008.0;2.2;0.0;241.4;12.41;7.17;50.05;0.0;3129.0;1548.0;3073.0;10.2;14.48;49.0;0.02;1581.0;216.3;68.0;7.31;216.0;243.7
2014-10-12 10:07:06:389;3064.0;20008.0;2.1;0.0;241.5;12.52;7.17;50.04;0.0;3129.0;1548.0;3081.0;10.1;14.48;49.0;0.02;1581.0;216.3;0.0;7.31;216.0;243.3
2014-10-12 10:07:11:397;3077.0;20008.0;2.1;0.0;241.5;12.3;7.17;50.01;0.0;3131.0;1549.0;3085.0;10.2;14.48;49.0;0.01;1582.0;218.3;0.0;7.31;218.0;242.3
2014-10-12 10:07:16:404;3068.0;20008.0;2.1;0.0;241.5;12.29;7.1;49.99;0.0;3129.0;1548.0;3075.0;10.2;14.34;49.0;0.04;1581.0;218.4;0.0;7.24;218.0;242.5
2014-10-12 10:07:21:412;3069.0;20008.0;2.1;0.0;241.5;12.38;7.11;50.0;0.0;3129.0;1548.0;3071.0;10.2;14.35;49.0;0.04;1581.0;218.2;0.0;7.24;217.9;242.8
2014-10-12 10:07:26:420;3067.0;20008.0;2.1;0.0;241.6;12.34;7.1;50.0;0.0;3128.0;1548.0;3073.0;10.2;14.33;49.0;0.02;1580.0;218.6;0.0;7.23;218.2;242.8
2014-10-12 10:07:31:427;3069.0;20008.0;2.1;0.0;241.6;12.25;7.09;50.01;0.0;3129.0;1548.0;3083.0;10.2;14.32;49.0;0.04;1581.0;219.0;0.0;7.23;218.6;243.6
2014-10-12 10:07:36:435;3078.0;20008.0;2.1;0.0;241.6;12.27;7.2;50.02;0.0;3134.0;1551.0;3071.0;10.2;14.54;49.0;0.05;1583.0;215.7;94.0;7.34;215.3;243.6
2014-10-12 10:07:41:443;3066.0;20008.0;2.1;0.0;241.6;12.62;7.18;50.03;0.0;3135.0;1551.0;3076.0;10.2;14.5;49.0;0.0;1584.0;216.4;1.0;7.32;216.0;243.7
2014-10-12 10:07:46:450;3068.0;20008.0;2.1;0.0;241.7;12.49;7.19;50.03;0.0;3137.0;1552.0;3083.0;10.2;14.52;49.0;0.0;1585.0;216.4;0.0;7.33;216.0;244.6
2014-10-12 10:07:51:458;3083.0;20008.0;2.2;0.0;241.7;12.28;7.19;50.02;0.0;3138.0;1553.0;3089.0;10.2;14.52;49.0;0.01;1585.0;216.4;0.0;7.33;216.0;244.2
2014-10-12 10:07:56:466;3077.0;20008.0;2.1;0.0;241.8;12.32;7.06;50.02;0.0;3139.0;1553.0;3082.0;10.3;14.25;49.0;0.0;1586.0;218.4;0.0;7.19;218.0;244.5
2014-10-12 10:08:01:474;3076.0;20008.0;2.2;0.0;241.8;12.62;7.13;50.03;0.0;3139.0;1553.0;3080.0;10.3;14.4;49.0;0.0;1586.0;218.3;1.0;7.27;217.9;244.6
2014-10-12 10:08:06:481;3075.0;20008.0;2.2;0.0;241.8;12.46;7.13;50.03;0.0;3139.0;1553.0;3089.0;10.2;14.4;49.0;0.0;1586.0;218.3;0.0;7.27;217.9;244.2
2014-10-12 10:08:11:489;3085.0;20008.0;2.2;0.0;241.9;12.3;7.14;50.03;0.0;3141.0;1554.0;3081.0;10.3;14.42;49.0;0.0;1587.0;218.1;0.0;7.28;217.8;244.2
2014-10-12 10:08:16:497;3081.0;20008.0;2.2;0.0;241.9;12.62;7.16;50.04;0.0;3145.0;1556.0;3093.0;10.2;14.45;49.0;0.0;1589.0;217.8;7.0;7.29;217.5;244.6
2014-10-12 10:08:21:504;3072.0;20008.0;2.2;0.0;241.9;12.5;7.1;50.03;0.0;3143.0;1555.0;3096.0;10.2;14.34;49.0;0.02;1588.0;219.6;0.0;7.24;219.2;244.2
2014-10-12 10:08:26:512;3087.0;20008.0;2.2;0.0;242.0;12.33;7.21;50.02;0.0;3145.0;1556.0;3087.0;10.3;14.56;49.0;0.04;1589.0;216.4;0.0;7.35;216.0;243.9
2014-10-12 10:08:31:519;3081.0;20008.0;2.2;0.0;242.0;12.37;7.21;50.02;0.0;3145.0;1556.0;3089.0;10.3;14.56;49.0;0.0;1589.0;216.4;0.0;7.35;216.0;244.1
2014-10-12 10:08:36:526;3074.0;20008.0;2.2;0.0;242.0;12.69;7.21;50.03;0.0;3146.0;1557.0;3087.0;10.3;14.56;49.0;0.0;1589.0;218.4;1.0;7.35;218.0;244.2
2014-10-12 10:08:41:533;3080.0;20008.0;2.2;0.0;242.0;12.45;7.27;50.03;0.0;3145.0;1556.0;3102.0;10.2;14.68;49.0;0.02;1589.0;214.4;0.0;7.41;214.0;243.9
2014-10-12 10:08:46:540;3093.0;20008.0;2.4;0.0;242.1;12.34;7.15;50.02;0.0;3147.0;1557.0;3091.0;10.4;14.43;49.0;0.0;1590.0;218.3;0.0;7.28;217.9;244.1
2014-10-12 10:08:51:547;3083.0;20008.0;2.5;0.0;242.1;12.53;7.28;50.03;0.0;3149.0;1558.0;3089.0;10.4;14.7;49.0;0.01;1591.0;214.4;0.0;7.42;214.1;244.3
2014-10-12 10:08:56:555;3078.0;20008.0;2.5;0.0;242.1;12.62;7.16;50.04;0.0;3151.0;1559.0;3096.0;10.3;14.46;49.0;0.0;1592.0;218.2;0.0;7.3;217.8;244.3
2014-10-12 10:09:01:562;3090.0;20008.0;2.6;0.0;242.2;12.33;7.27;50.05;0.0;3151.0;1559.0;3095.0;10.4;14.68;49.0;0.0;1592.0;214.8;73.0;7.41;214.4;244.1
2014-10-12 10:09:06:569;3080.0;20008.0;2.6;0.0;242.2;12.68;7.18;50.0;0.0;3151.0;1559.0;3092.0;10.4;14.51;49.0;0.0;1592.0;217.3;0.0;7.33;216.9;243.6
2014-10-12 10:09:11:576;3086.0;20008.0;2.4;0.0;242.2;12.58;7.22;49.99;0.0;3149.0;1558.0;3095.0;10.3;14.58;49.0;0.03;1591.0;216.4;0.0;7.36;216.0;243.9
2014-10-12 10:09:16:583;3091.0;20008.0;2.3;0.0;242.3;12.45;7.22;49.99;0.0;3148.0;1558.0;3089.0;10.3;14.58;49.0;0.0;1591.0;218.3;0.0;7.36;218.0;243.8
2014-10-12 10:09:21:590;3082.0;20008.0;2.5;0.0;242.3;12.41;7.15;50.01;0.0;3149.0;1558.0;3093.0;10.4;14.44;49.0;0.0;1591.0;218.3;0.0;7.29;218.0;244.1
2014-10-12 10:09:26:597;3078.0;20008.0;2.2;0.0;242.3;12.66;7.28;50.04;0.0;3149.0;1558.0;3099.0;10.3;14.7;49.0;0.0;1591.0;214.3;1.0;7.42;214.0;244.1
2014-10-12 10:09:31:604;3094.0;20008.0;2.2;0.0;242.3;12.29;7.15;50.05;0.0;3149.0;1558.0;3093.0;10.3;14.44;49.0;0.02;1591.0;218.3;0.0;7.29;217.9;244.1
2014-10-12 10:09:36:612;3078.0;20008.0;2.2;0.0;242.3;12.55;7.28;50.02;0.0;3151.0;1559.0;3087.0;10.3;14.7;49.0;0.01;1592.0;214.4;0.0;7.42;214.0;244.0
2014-10-12 10:09:41:620;3087.0;20008.0;2.2;0.0;242.4;12.62;7.16;50.0;0.0;3150.0;1558.0;3077.0;10.3;14.45;49.0;0.04;1592.0;218.2;14.0;7.29;217.8;244.0
2014-10-12 10:09:46:628;3064.0;20008.0;2.2;0.0;242.4;12.58;7.27;50.03;0.0;3151.0;1559.0;3095.0;10.2;14.68;49.0;0.0;1592.0;214.7;0.0;7.41;214.3;244.1
2014-10-12 10:09:51:636;3085.0;20008.0;2.2;0.0;242.4;12.47;7.17;50.02;0.0;3149.0;1558.0;3102.0;10.2;14.48;49.0;0.04;1591.0;217.6;0.0;7.31;217.2;244.0
2014-10-12 10:09:56:644;3095.0;20008.0;2.2;0.0;242.4;12.31;7.24;50.01;0.0;3153.0;1560.0;3104.0;10.3;14.62;49.0;0.0;1593.0;215.3;0.0;7.38;214.9;244.1
2014-10-12 10:10:01:652;3091.0;20008.0;2.2;0.0;242.4;12.32;7.16;49.99;0.0;3151.0;1559.0;3101.0;10.3;14.46;49.0;0.04;1592.0;218.3;0.0;7.3;217.9;243.8
2014-10-12 10:10:06:659;3091.0;20008.0;2.4;0.0;242.5;12.55;7.3;49.97;0.0;3155.0;1561.0;3093.0;10.3;14.74;49.0;0.0;1594.0;214.3;0.0;7.44;214.0;244.1
2014-10-12 10:10:11:667;3094.0;20008.0;2.3;0.0;242.5;12.64;7.16;49.96;0.0;3155.0;1561.0;3103.0;10.3;14.46;49.0;0.03;1594.0;218.3;32.0;7.3;218.0;243.8
2014-10-12 10:10:16:675;3095.0;20008.0;2.3;0.0;242.5;12.38;7.3;49.99;0.0;3157.0;1562.0;3099.0;10.3;14.74;49.0;0.04;1595.0;214.4;0.0;7.44;214.0;244.4
2014-10-12 10:10:21:683;3099.0;20008.0;2.4;0.0;242.5;12.58;7.17;50.03;0.0;3159.0;1563.0;3102.0;10.3;14.48;49.0;0.04;1596.0;218.3;75.0;7.31;217.9;244.5
2014-10-12 10:10:26:691;3091.0;20008.0;2.3;0.0;242.6;12.46;7.3;50.05;0.0;3159.0;1563.0;3105.0;10.3;14.74;49.0;0.04;1596.0;214.5;0.0;7.44;214.1;244.4
2014-10-12 10:10:31:699;3090.0;20008.0;2.2;0.0;242.6;12.47;7.17;50.05;0.0;3157.0;1562.0;3093.0;10.3;14.48;49.0;0.0;1595.0;218.1;11.0;7.31;217.7;244.3
2014-10-12 10:10:36:706;3090.0;20008.0;2.3;0.0;242.6;12.6;7.18;50.04;0.0;3155.0;1561.0;3103.0;10.2;14.5;49.0;0.03;1594.0;216.7;0.0;7.32;216.3;244.4
2014-10-12 10:10:41:714;3089.0;20008.0;2.2;0.0;242.6;12.39;7.25;50.03;0.0;3153.0;1560.0;3094.0;10.3;14.64;49.0;0.0;1593.0;215.6;0.0;7.39;215.2;244.2
2014-10-12 10:10:46:722;3080.0;20008.0;2.2;0.0;242.7;12.67;7.16;50.04;0.0;3147.0;1557.0;3091.0;10.3;14.46;49.0;0.0;1590.0;218.1;0.0;7.3;217.7;244.3
2014-10-12 10:10:51:729;3081.0;20008.0;2.4;0.0;242.7;12.4;7.14;50.04;0.0;3143.0;1555.0;3093.0;10.3;14.42;49.0;0.04;1588.0;218.3;0.0;7.28;218.0;244.3
2014-10-12 10:10:56:737;3086.0;20008.0;2.5;0.0;242.7;12.36;7.13;50.03;0.0;3143.0;1555.0;3082.0;10.4;14.4;49.0;0.0;1588.0;218.3;28.0;7.27;218.0;244.4
2014-10-12 10:11:01:745;3075.0;20008.0;2.5;0.0;242.7;12.56;7.27;50.06;0.0;3143.0;1555.0;3094.0;10.3;14.68;49.0;0.0;1588.0;214.3;0.0;7.41;214.0;244.7
2014-10-12 10:11:06:752;3081.0;20008.0;2.6;0.0;242.8;12.45;7.27;50.07;0.0;3143.0;1555.0;3087.0;10.4;14.68;49.0;0.01;1588.0;214.4;53.0;7.41;214.0;244.7
2014-10-12 10:11:11:760;3079.0;20008.0;2.6;0.0;242.8;12.38;7.27;50.05;0.0;3141.0;1554.0;3087.0;10.4;14.68;49.0;0.0;1587.0;214.3;0.0;7.41;213.9;244.0
2014-10-12 10:11:16:768;3079.0;20008.0;2.6;0.0;242.8;12.52;7.14;50.05;0.0;3141.0;1554.0;3084.0;10.4;14.42;49.0;0.0;1587.0;218.1;70.0;7.28;217.8;244.0
2014-10-12 10:11:21:775;3084.0;20008.0;2.2;0.0;242.9;12.37;7.15;50.06;0.0;3143.0;1555.0;3090.0;10.3;14.44;49.0;0.01;1588.0;216.6;0.0;7.29;216.2;244.4
2014-10-12 10:11:26:783;3078.0;20008.0;2.2;0.0;242.9;12.63;7.19;50.06;0.0;3143.0;1555.0;3093.0;10.2;14.52;49.0;0.02;1588.0;216.9;0.0;7.33;216.6;244.5
2014-10-12 10:11:31:791;3084.0;20008.0;2.2;0.0;242.9;12.31;7.16;50.07;0.0;3143.0;1555.0;3085.0;10.3;14.46;49.0;0.02;1588.0;217.7;0.0;7.3;217.4;244.3
2014-10-12 10:11:36:798;3089.0;20008.0;2.2;0.0;243.0;12.44;7.28;50.07;0.0;3149.0;1558.0;3091.0;10.2;14.7;49.0;0.0;1591.0;214.3;0.0;7.42;214.0;244.6
2014-10-12 10:11:41:806;3077.0;20008.0;2.5;0.0;243.0;12.66;7.28;50.07;0.0;3149.0;1558.0;3102.0;10.3;14.7;49.0;0.0;1591.0;214.4;0.0;7.42;214.0;244.3
2014-10-12 10:11:46:813;3090.0;20008.0;2.6;0.0;243.0;12.41;7.15;50.07;0.0;3149.0;1558.0;3097.0;10.4;14.44;49.0;0.03;1591.0;218.3;85.0;7.29;218.0;244.5
2014-10-12 10:11:51:821;3098.0;20008.0;2.6;0.0;243.0;12.33;7.3;50.07;0.0;3155.0;1561.0;3094.0;10.4;14.74;49.0;0.0;1594.0;214.4;0.0;7.44;214.0;245.0
2014-10-12 10:11:56:829;3087.0;20008.0;2.4;0.0;243.1;12.52;7.16;50.08;0.0;3151.0;1559.0;3100.0;10.3;14.46;49.0;0.0;1592.0;218.4;0.0;7.3;218.1;245.2
2014-10-12 10:12:01:836;3090.0;20008.0;2.3;0.0;243.1;12.68;7.17;50.07;0.0;3158.0;1562.0;3109.0;10.3;14.48;49.0;0.0;1595.0;216.4;0.0;7.31;216.1;244.6
2014-10-12 10:12:06:844;3103.0;20008.0;2.3;0.0;243.1;12.46;7.25;50.07;0.0;3159.0;1563.0;3103.0;10.3;14.64;49.0;0.0;1596.0;216.1;90.0;7.39;215.8;244.6
2014-10-12 10:12:11:852;3100.0;20008.0;2.4;0.0;243.1;12.35;7.23;50.07;0.0;3161.0;1564.0;3103.0;10.3;14.6;49.0;0.0;1597.0;216.9;0.0;7.37;216.5;244.6
2014-10-12 10:12:16:859;3095.0;20008.0;2.6;0.0;243.2;12.58;7.28;50.08;0.0;3161.0;1564.0;3110.0;10.4;14.7;49.0;0.0;1597.0;215.1;0.0;7.42;214.8;244.8
2014-10-12 10:12:21:867;3094.0;20008.0;2.9;0.0;243.2;12.66;7.17;50.07;0.0;3159.0;1563.0;3114.0;10.5;14.48;49.0;0.01;1596.0;218.3;20.0;7.31;218.0;244.8
2014-10-12 10:12:26:875;3105.0;20008.0;2.6;0.0;243.2;12.36;7.31;50.08;0.0;3161.0;1564.0;3106.0;10.4;14.76;49.0;0.0;1597.0;214.3;8.0;7.45;214.0;245.2
2014-10-12 10:12:31:882;3090.0;20008.0;2.6;0.0;243.2;12.35;7.17;50.07;0.0;3160.0;1563.0;3104.0;10.4;14.48;49.0;0.0;1597.0;218.3;0.0;7.31;218.0;244.6
2014-10-12 10:12:36:890;3094.0;20008.0;2.6;0.0;243.2;12.72;7.31;50.06;0.0;3163.0;1565.0;3114.0;10.4;14.77;49.0;0.02;1598.0;214.4;0.0;7.46;214.0;244.8
2014-10-12 10:12:41:898;3110.0;20008.0;2.6;0.0;243.3;12.36;7.18;50.05;0.0;3164.0;1565.0;3103.0;10.4;14.5;49.0;0.0;1598.0;216.4;28.0;7.32;216.0;244.6
2014-10-12 10:12:46:905;3098.0;20008.0;2.6;0.0;243.3;12.61;7.25;50.06;0.0;3164.0;1565.0;3115.0;10.3;14.64;49.0;0.03;1599.0;216.3;0.0;7.39;215.9;244.2
2014-10-12 10:12:51:913;3100.0;20008.0;2.6;0.0;243.3;12.47;7.25;50.05;0.0;3165.0;1566.0;3102.0;10.4;14.64;49.0;0.0;1599.0;216.5;73.0;7.39;216.2;244.2
2014-10-12 10:12:56:920;3092.0;20008.0;2.6;0.0;243.3;12.77;7.23;50.02;0.0;3163.0;1565.0;3112.0;10.3;14.6;49.0;0.0;1598.0;216.9;0.0;7.37;216.5;244.0
2014-10-12 10:13:01:928;3096.0;20008.0;2.6;0.0;243.3;12.64;7.29;50.01;0.0;3165.0;1566.0;3109.0;10.3;14.72;49.0;0.03;1599.0;215.1;0.0;7.43;214.8;244.2
2014-10-12 10:13:06:936;3099.0;20008.0;2.6;0.0;243.4;12.46;7.18;50.02;0.0;3162.0;1564.0;3115.0;10.3;14.5;49.0;0.04;1598.0;218.3;0.0;7.32;218.0;244.2
2014-10-12 10:13:11:943;3103.0;20008.0;2.6;0.0;243.4;12.46;7.32;49.99;0.0;3165.0;1566.0;3115.0;10.3;14.78;49.0;0.01;1599.0;214.4;0.0;7.46;214.0;243.8
2014-10-12 10:13:16:951;3101.0;20008.0;2.6;0.0;243.4;12.53;7.18;49.99;0.0;3163.0;1565.0;3113.0;10.3;14.5;49.0;0.02;1598.0;218.3;0.0;7.32;218.0;244.0
2014-10-12 10:13:21:959;3101.0;20008.0;2.6;0.0;243.4;12.73;7.32;49.98;0.0;3164.0;1565.0;3105.0;10.3;14.78;49.0;0.02;1598.0;216.3;0.0;7.46;216.0;243.9
2014-10-12 10:13:26:966;3090.0;20008.0;2.6;0.0;243.4;12.71;7.38;50.0;0.0;3162.0;1564.0;3104.0;10.3;14.9;49.0;0.0;1598.0;212.4;6.0;7.52;212.0;244.1
2014-10-12 10:13:31:974;3093.0;20008.0;2.6;0.0;243.4;12.75;7.25;50.0;0.0;3163.0;1565.0;3096.0;10.3;14.64;49.0;0.0;1598.0;216.3;0.0;7.39;215.9;244.2
2014-10-12 10:13:36:982;3094.0;20008.0;2.6;0.0;243.4;12.75;7.25;50.0;0.0;3163.0;1565.0;3104.0;10.3;14.64;49.0;0.01;1598.0;216.1;0.0;7.39;215.8;244.0
2014-10-12 10:13:41:989;3098.0;20008.0;2.6;0.0;243.5;12.76;7.37;50.01;0.0;3163.0;1565.0;3108.0;10.3;14.88;49.0;0.0;1598.0;212.8;0.0;7.51;212.4;244.0
2014-10-12 10:13:46:997;3094.0;20008.0;2.6;0.0;243.5;12.72;7.28;50.01;0.0;3163.0;1565.0;3113.0;10.3;14.7;49.0;0.0;1598.0;215.3;0.0;7.42;214.9;244.2
2014-10-12 10:13:52:004;3096.0;20008.0;2.6;0.0;243.5;12.68;7.32;50.01;0.0;3165.0;1566.0;3108.0;10.3;14.78;49.0;0.0;1599.0;214.4;0.0;7.46;214.0;244.2
2014-10-12 10:13:57:012;3097.0;20008.0;2.6;0.0;243.5;12.71;7.32;49.99;0.0;3166.0;1566.0;3102.0;10.3;14.78;49.0;0.01;1600.0;214.3;0.0;7.46;214.0;244.2
2014-10-12 10:14:02:020;3093.0;20008.0;2.6;0.0;243.5;12.77;7.32;49.97;0.0;3166.0;1566.0;3111.0;10.4;14.78;49.0;0.02;1600.0;212.4;0.0;7.46;212.0;243.7
2014-10-12 10:14:07:027;3107.0;20008.0;2.6;0.0;243.5;12.39;7.26;49.95;0.0;3167.0;1567.0;3117.0;10.4;14.66;49.0;0.0;1600.0;216.3;0.0;7.4;216.0;244.3
2014-10-12 10:14:12:035;3092.0;20008.0;2.6;0.0;243.6;12.79;7.26;49.95;0.0;3167.0;1567.0;3110.0;10.3;14.66;49.0;0.0;1600.0;216.3;0.0;7.4;215.9;244.0
2014-10-12 10:14:17:042;3103.0;20008.0;2.6;0.0;243.6;12.41;7.39;49.96;0.0;3167.0;1567.0;3117.0;10.4;14.92;49.0;0.0;1600.0;212.4;0.0;7.53;212.1;244.0
2014-10-12 10:14:22:050;3102.0;20008.0;2.6;0.0;243.6;12.64;7.26;49.96;0.0;3168.0;1567.0;3100.0;10.3;14.67;49.0;0.0;1601.0;216.2;0.0;7.41;215.8;244.4
2014-10-12 10:14:27:058;3097.0;20008.0;2.6;0.0;243.7;12.68;7.37;49.97;0.0;3167.0;1567.0;3106.0;10.3;14.89;49.0;0.0;1600.0;212.8;0.0;7.52;212.4;244.5
2014-10-12 10:14:32:065;3105.0;20008.0;2.6;0.0;243.7;12.37;7.28;49.97;0.0;3165.0;1566.0;3112.0;10.4;14.71;49.0;0.01;1599.0;215.3;67.0;7.43;214.9;244.3
2014-10-12 10:14:37:073;3100.0;20008.0;2.6;0.0;243.7;12.51;7.32;49.97;0.0;3165.0;1566.0;3108.0;10.3;14.79;49.0;0.02;1599.0;214.3;0.0;7.47;213.9;244.6
2014-10-12 10:14:42:080;3078.0;20008.0;2.6;0.0;243.7;12.68;7.32;49.98;0.0;3165.0;1566.0;3105.0;10.3;14.78;49.0;0.02;1599.0;216.3;0.0;7.46;216.0;244.1
2014-10-12 10:14:47:088;3098.0;20008.0;2.6;0.0;243.7;12.68;7.39;49.99;0.0;3165.0;1566.0;3100.0;10.4;14.92;49.0;0.0;1599.0;212.4;15.0;7.53;212.0;244.4
2014-10-12 10:14:52:095;3096.0;20008.0;2.6;0.0;243.7;12.74;7.26;50.01;0.0;3167.0;1567.0;3110.0;10.3;14.66;49.0;0.0;1600.0;216.3;0.0;7.4;216.0;244.5
2014-10-12 10:14:57:103;3100.0;20008.0;2.6;0.0;243.8;12.78;7.26;50.01;0.0;3168.0;1567.0;3115.0;10.3;14.66;49.0;0.0;1601.0;216.3;0.0;7.4;216.0;244.4
2014-10-12 10:15:02:110;3094.0;20008.0;2.6;0.0;243.8;12.74;7.39;49.99;0.0;3167.0;1567.0;3106.0;10.3;14.92;49.0;0.0;1600.0;212.4;0.0;7.53;212.0;244.3
2014-10-12 10:15:07:118;3108.0;20008.0;2.6;0.0;243.8;12.68;7.26;49.97;0.0;3167.0;1567.0;3111.0;10.4;14.66;49.0;0.0;1600.0;216.2;52.0;7.4;215.8;243.8
2014-10-12 10:15:12:125;3109.0;20008.0;2.6;0.0;243.8;12.41;7.38;49.98;0.0;3169.0;1568.0;3114.0;10.4;14.91;49.0;0.0;1601.0;212.7;0.0;7.53;212.3;244.2
2014-10-12 10:15:17:133;3110.0;20008.0;2.6;0.0;243.8;12.45;7.29;49.98;0.0;3168.0;1567.0;3109.0;10.4;14.72;49.0;0.02;1601.0;215.4;0.0;7.43;215.1;244.4
2014-10-12 10:15:22:140;3097.0;20008.0;2.6;0.0;243.8;12.69;7.33;49.98;0.0;3169.0;1568.0;3104.0;10.3;14.81;49.0;0.0;1601.0;213.3;0.0;7.48;212.9;244.5
2014-10-12 10:15:27:148;3099.0;20008.0;2.6;0.0;243.8;12.73;7.26;50.01;0.0;3169.0;1568.0;3109.0;10.3;14.66;49.0;0.0;1601.0;216.3;0.0;7.4;216.0;244.6
2014-10-12 10:15:32:155;3104.0;20008.0;2.6;0.0;243.9;12.55;7.39;50.02;0.0;3168.0;1567.0;3124.0;10.3;14.93;49.0;0.02;1601.0;212.3;0.0;7.54;212.0;244.1
2014-10-12 10:15:37:163;3108.0;20008.0;2.6;0.0;243.9;12.43;7.26;50.0;0.0;3169.0;1568.0;3125.0;10.4;14.66;49.0;0.0;1601.0;216.3;0.0;7.4;216.0;244.2
2014-10-12 10:15:42:171;3107.0;20008.0;2.6;0.0;243.9;12.48;7.4;50.0;0.0;3171.0;1569.0;3128.0;10.3;14.94;49.0;0.01;1602.0;212.4;0.0;7.54;212.0;244.4
2014-10-12 10:15:47:178;3113.0;20008.0;2.6;0.0;243.9;12.47;7.27;50.0;0.0;3172.0;1569.0;3112.0;10.3;14.68;49.0;0.01;1603.0;216.3;0.0;7.41;215.9;244.3
2014-10-12 10:15:52:186;3107.0;20008.0;2.6;0.0;243.9;12.44;7.4;50.01;0.0;3172.0;1569.0;3119.0;10.4;14.94;49.0;0.02;1603.0;212.5;0.0;7.54;212.1;244.4
2014-10-12 10:15:57:194;3115.0;20008.0;2.5;0.0;243.9;12.4;7.28;50.02;0.0;3173.0;1570.0;3111.0;10.4;14.7;49.0;0.01;1603.0;216.0;0.0;7.42;215.6;244.4
2014-10-12 10:16:02:201;3111.0;20008.0;2.4;0.0;244.0;12.58;7.38;50.02;0.0;3176.0;1571.0;3113.0;10.3;14.91;49.0;0.0;1605.0;213.9;0.0;7.53;213.5;244.6
2014-10-12 10:16:07:209;3111.0;20008.0;2.2;0.0;244.0;12.8;7.32;50.02;0.0;3179.0;1573.0;3118.0;10.3;14.78;49.0;0.0;1606.0;215.4;0.0;7.46;215.0;244.5
2014-10-12 10:16:12:216;3114.0;20008.0;2.4;0.0;244.0;12.64;7.42;50.03;0.0;3180.0;1573.0;3133.0;10.3;14.99;49.0;0.0;1607.0;212.4;0.0;7.57;212.0;244.2
2014-10-12 10:16:17:224;3127.0;20008.0;2.4;0.0;244.0;12.48;7.3;50.03;0.0;3184.0;1575.0;3125.0;10.4;14.74;49.0;0.0;1609.0;216.3;0.0;7.44;216.0;244.3
2014-10-12 10:16:22:232;3113.0;20008.0;2.3;0.0;244.0;12.8;7.43;50.03;0.0;3186.0;1576.0;3132.0;10.3;15.01;49.0;0.03;1610.0;212.4;0.0;7.58;212.0;244.8
2014-10-12 10:16:27:239;3116.0;20008.0;2.3;0.0;244.0;12.67;7.3;50.02;0.0;3187.0;1577.0;3137.0;10.3;14.75;50.0;0.01;1610.0;216.3;0.0;7.45;216.0;244.8
2014-10-12 10:16:32:247;3126.0;20008.0;2.3;0.0;244.0;12.43;7.44;50.03;0.0;3189.0;1578.0;3132.0;10.3;15.02;50.0;0.0;1611.0;212.4;0.0;7.58;212.0;245.6
2014-10-12 10:16:37:255;3128.0;20008.0;2.3;0.0;244.1;12.74;7.31;50.05;0.0;3190.0;1578.0;3137.0;10.3;14.77;50.0;0.02;1612.0;216.2;5.0;7.46;215.8;244.8
2014-10-12 10:16:42:262;3125.0;20008.0;2.3;0.0;244.1;12.61;7.32;50.03;0.0;3191.0;1579.0;3135.0;10.2;14.79;50.0;0.0;1612.0;214.5;0.0;7.47;214.2;244.4
2014-10-12 10:16:47:270;3134.0;20008.0;2.3;0.0;244.1;12.46;7.39;50.01;0.0;3190.0;1578.0;3143.0;10.4;14.93;50.0;0.0;1612.0;214.0;0.0;7.54;213.6;244.4
2014-10-12 10:16:52:277;3138.0;20008.0;2.3;0.0;244.1;12.5;7.36;49.99;0.0;3194.0;1580.0;3146.0;10.3;14.86;50.0;0.0;1614.0;215.2;0.0;7.5;214.9;244.6
2014-10-12 10:16:57:285;3100.0;20008.0;2.3;0.0;244.1;12.43;7.33;49.99;0.0;3195.0;1581.0;3117.0;10.3;14.8;50.0;0.01;1614.0;216.2;0.0;7.47;215.9;244.4
2014-10-12 10:17:02:293;3104.0;20008.0;2.3;0.0;244.1;12.41;7.32;50.01;0.0;3195.0;1581.0;3109.0;10.3;14.78;50.0;0.01;1614.0;216.3;0.0;7.46;216.0;244.1
2014-10-12 10:17:07:300;3102.0;20008.0;2.3;0.0;244.1;12.38;7.32;50.02;0.0;3195.0;1581.0;3102.0;10.4;14.78;50.0;0.01;1614.0;216.3;0.0;7.46;216.0;244.3
2014-10-12 10:17:12:308;3096.0;20008.0;2.3;0.0;244.1;12.61;7.45;50.03;0.0;3194.0;1580.0;3108.0;10.3;15.05;50.0;0.01;1614.0;212.4;43.0;7.6;212.0;244.4
2014-10-12 10:17:17:315;3099.0;20008.0;2.2;0.0;244.2;12.77;7.32;50.01;0.0;3196.0;1581.0;3103.0;10.3;14.79;50.0;0.0;1615.0;216.3;0.0;7.47;215.9;244.2
2014-10-12 10:17:22:323;3091.0;20008.0;2.3;0.0;244.2;12.72;7.32;49.99;0.0;3195.0;1581.0;3105.0;10.3;14.79;50.0;0.01;1614.0;216.2;0.0;7.47;215.9;244.6
2014-10-12 10:17:27:331;3103.0;20008.0;2.3;0.0;244.2;12.58;7.38;49.98;0.0;3196.0;1581.0;3102.0;10.3;14.91;50.0;0.01;1615.0;214.5;97.0;7.53;214.1;244.6
2014-10-12 10:17:32:338;3105.0;20008.0;2.3;0.0;244.2;12.43;7.4;49.99;0.0;3194.0;1580.0;3117.0;10.3;14.95;50.0;0.01;1614.0;214.0;77.0;7.55;213.6;244.5
2014-10-12 10:17:37:345;3104.0;20008.0;2.3;0.0;244.2;12.39;7.37;49.97;0.0;3198.0;1582.0;3113.0;10.3;14.88;50.0;0.01;1616.0;215.2;0.0;7.51;214.9;244.4
2014-10-12 10:17:42:352;3092.0;20008.0;2.3;0.0;244.2;12.62;7.33;49.98;0.0;3196.0;1581.0;3104.0;10.2;14.8;50.0;0.01;1615.0;216.2;0.0;7.47;215.8;244.2
2014-10-12 10:17:47:359;3095.0;20008.0;2.3;0.0;244.2;12.75;7.46;49.98;0.0;3196.0;1581.0;3106.0;10.2;15.06;50.0;0.01;1615.0;212.3;0.0;7.6;212.0;244.0
2014-10-12 10:17:52:366;3106.0;20008.0;2.5;0.0;244.2;12.63;7.34;49.99;0.0;3202.0;1584.0;3106.0;10.4;14.82;50.0;0.01;1618.0;216.3;117.0;7.48;216.0;244.3
2014-10-12 10:17:57:373;3110.0;20008.0;2.3;0.0;244.2;12.62;7.34;49.99;0.0;3203.0;1585.0;3119.0;10.3;14.82;50.0;0.0;1618.0;216.3;0.0;7.48;216.0;244.3
2014-10-12 10:18:02:380;3117.0;20008.0;2.3;0.0;244.2;12.4;7.35;49.97;0.0;3206.0;1586.0;3120.0;10.4;14.84;50.0;0.01;1620.0;216.3;7.0;7.49;215.9;244.4
2014-10-12 10:18:07:387;3111.0;20008.0;2.4;0.0;244.2;12.49;7.47;49.98;0.0;3205.0;1586.0;3125.0;10.3;15.09;50.0;0.01;1619.0;214.3;0.0;7.62;213.9;244.5
2014-10-12 10:18:12:394;3106.0;20008.0;2.5;0.0;244.2;12.71;7.41;49.99;0.0;3205.0;1586.0;3111.0;10.3;14.96;50.0;0.0;1619.0;214.5;0.0;7.55;214.1;244.3
2014-10-12 10:18:17:401;3103.0;20008.0;2.3;0.0;244.2;12.82;7.4;49.98;0.0;3204.0;1585.0;3109.0;10.2;14.94;50.0;0.01;1619.0;214.7;0.0;7.54;214.3;244.2
2014-10-12 10:18:22:408;3109.0;20008.0;2.3;0.0;244.2;12.53;7.29;49.96;0.0;3203.0;1585.0;3125.0;10.3;14.73;50.0;0.01;1618.0;217.5;2.0;7.44;217.2;244.1
2014-10-12 10:18:27:415;3115.0;20008.0;2.5;0.0;244.2;12.42;7.37;49.98;0.0;3208.0;1587.0;3127.0;10.4;14.88;50.0;0.01;1621.0;215.9;0.0;7.51;215.5;244.4
2014-10-12 10:18:32:423;3116.0;20008.0;2.6;0.0;244.2;12.48;7.35;50.01;0.0;3206.0;1586.0;3120.0;10.3;14.84;50.0;0.01;1620.0;216.3;0.0;7.49;216.0;244.3
2014-10-12 10:18:37:431;3112.0;20008.0;2.4;0.0;244.2;12.45;7.48;50.01;0.0;3205.0;1586.0;3136.0;10.4;15.11;50.0;0.0;1619.0;212.4;0.0;7.63;212.0;244.3
2014-10-12 10:18:42:439;3118.0;20008.0;2.3;0.0;244.2;12.46;7.35;50.0;0.0;3209.0;1588.0;3134.0;10.3;14.85;50.0;0.01;1621.0;216.4;0.0;7.5;216.0;244.4
2014-10-12 10:18:47:446;3116.0;20008.0;2.3;0.0;244.2;12.54;7.35;49.97;0.0;3210.0;1588.0;3117.0;10.3;14.85;50.0;0.01;1622.0;214.4;0.0;7.5;214.0;243.9
2014-10-12 10:18:52:454;3113.0;20008.0;2.3;0.0;244.2;12.78;7.42;49.96;0.0;3210.0;1588.0;3116.0;10.3;14.98;50.0;0.01;1622.0;214.4;0.0;7.56;214.0;244.3
2014-10-12 10:18:57:462;3117.0;20008.0;2.6;0.0;244.2;12.43;7.42;49.98;0.0;3208.0;1587.0;3129.0;10.4;14.99;50.0;0.01;1621.0;214.2;0.0;7.57;213.9;244.3
2014-10-12 10:19:02:470;3119.0;20008.0;2.6;0.0;244.2;12.54;7.42;49.98;0.0;3210.0;1588.0;3128.0;10.4;14.98;50.0;0.01;1622.0;214.6;0.0;7.56;214.2;244.1
2014-10-12 10:19:07:478;3110.0;20008.0;2.6;0.0;244.2;12.72;7.3;49.98;0.0;3208.0;1587.0;3122.0;10.3;14.74;50.0;0.01;1621.0;217.7;0.0;7.44;217.4;244.0
2014-10-12 10:19:12:486;3106.0;20008.0;2.6;0.0;244.2;12.77;7.46;49.98;0.0;3207.0;1587.0;3119.0;10.3;15.07;50.0;0.01;1620.0;213.0;0.0;7.61;212.6;244.3
2014-10-12 10:19:17:494;3108.0;20008.0;2.4;0.0;244.2;12.7;7.48;49.99;0.0;3207.0;1587.0;3123.0;10.3;15.11;50.0;0.0;1620.0;212.3;2.0;7.63;212.0;244.0
2014-10-12 10:19:22:502;3121.0;20008.0;2.4;0.0;244.2;12.44;7.36;49.97;0.0;3210.0;1588.0;3125.0;10.3;14.86;50.0;0.01;1622.0;216.3;0.0;7.5;216.0;244.2
2014-10-12 10:19:27:510;3119.0;20008.0;2.5;0.0;244.2;12.51;7.36;49.98;0.0;3210.0;1588.0;3129.0;10.3;14.86;50.0;0.01;1622.0;214.3;0.0;7.5;214.0;244.2
2014-10-12 10:19:32:518;3108.0;20008.0;2.6;0.0;244.2;12.67;7.42;49.98;0.0;3211.0;1589.0;3116.0;10.3;14.99;50.0;0.01;1622.0;214.4;0.0;7.57;214.0;244.3
2014-10-12 10:19:37:525;3111.0;20008.0;2.6;0.0;244.2;12.72;7.28;49.96;0.0;3206.0;1586.0;3122.0;10.4;14.7;50.0;0.0;1620.0;218.3;0.0;7.42;217.9;244.1
2014-10-12 10:19:42:533;3120.0;20008.0;2.6;0.0;244.2;12.41;7.43;49.98;0.0;3209.0;1588.0;3135.0;10.4;15.0;50.0;0.01;1621.0;214.2;0.0;7.57;213.9;244.6
2014-10-12 10:19:47:541;3119.0;20008.0;2.6;0.0;244.2;12.42;7.43;50.01;0.0;3208.0;1587.0;3126.0;10.4;15.01;50.0;0.01;1621.0;214.1;0.0;7.58;213.8;244.7
2014-10-12 10:19:52:549;3117.0;20008.0;2.4;0.0;244.2;12.47;7.41;50.02;0.0;3210.0;1588.0;3120.0;10.4;14.96;50.0;0.01;1622.0;214.8;78.0;7.55;214.5;244.5
2014-10-12 10:19:57:556;3110.0;20008.0;2.4;0.0;244.2;12.75;7.32;50.02;0.0;3208.0;1587.0;3110.0;10.3;14.78;50.0;0.01;1621.0;217.1;0.0;7.46;216.8;244.2
2014-10-12 10:20:02:564;3112.0;20008.0;2.3;0.0;244.2;12.77;7.35;49.99;0.0;3210.0;1588.0;3114.0;10.3;14.85;50.0;0.02;1622.0;216.3;1.0;7.5;216.0;243.4
2014-10-12 10:20:07:572;3112.0;20008.0;2.4;0.0;244.2;12.59;7.49;49.99;0.0;3209.0;1588.0;3123.0;10.3;15.12;50.0;0.01;1621.0;214.3;115.0;7.63;214.0;244.1
2014-10-12 10:20:12:580;3119.0;20008.0;2.3;0.0;244.2;12.53;7.42;49.99;0.0;3210.0;1588.0;3119.0;10.3;14.99;50.0;0.0;1622.0;214.3;0.0;7.57;214.0;244.2
2014-10-12 10:20:17:587;3124.0;20008.0;2.3;0.0;244.2;12.46;7.43;49.98;0.0;3213.0;1590.0;3127.0;10.3;15.01;50.0;0.01;1623.0;214.4;5.0;7.58;214.0;243.8
2014-10-12 10:20:22:595;3124.0;20008.0;2.3;0.0;244.2;12.54;7.43;49.98;0.0;3215.0;1591.0;3131.0;10.3;15.01;50.0;0.01;1624.0;214.4;0.0;7.58;214.0;244.0
2014-10-12 10:20:27:603;3120.0;20008.0;2.3;0.0;244.2;12.61;7.44;49.99;0.0;3216.0;1591.0;3131.0;10.3;15.02;50.0;0.01;1625.0;214.4;0.0;7.58;214.1;244.3
2014-10-12 10:20:32:611;3119.0;20008.0;2.6;0.0;244.2;12.79;7.45;49.99;0.0;3218.0;1592.0;3131.0;10.3;15.05;50.0;0.01;1626.0;214.2;0.0;7.6;213.8;243.6
2014-10-12 10:20:37:618;3118.0;20008.0;2.6;0.0;244.2;12.85;7.46;49.99;0.0;3217.0;1592.0;3130.0;10.3;15.06;50.0;0.01;1625.0;213.9;0.0;7.6;213.5;243.6
2014-10-12 10:20:42:626;3118.0;20008.0;2.6;0.0;244.2;12.9;7.41;49.99;0.0;3220.0;1593.0;3133.0;10.4;14.96;50.0;0.01;1627.0;215.6;0.0;7.55;215.2;243.6
2014-10-12 10:20:47:633;3123.0;20008.0;2.6;0.0;244.2;12.81;7.38;50.0;0.0;3220.0;1593.0;3134.0;10.3;14.9;50.0;0.01;1627.0;217.7;64.0;7.52;217.4;243.6
2014-10-12 10:20:52:641;3134.0;20008.0;2.5;0.0;244.2;12.81;7.45;49.99;0.0;3222.0;1594.0;3131.0;10.3;15.05;50.0;0.01;1628.0;214.4;0.0;7.6;214.0;243.3
2014-10-12 10:20:57:648;3131.0;20008.0;2.4;0.0;244.2;12.77;7.45;50.01;0.0;3222.0;1594.0;3126.0;10.3;15.05;50.0;0.01;1628.0;214.3;0.0;7.6;214.0;243.4
2014-10-12 10:21:02:656;3127.0;20008.0;2.4;0.0;244.2;12.85;7.45;50.0;0.0;3220.0;1593.0;3127.0;10.3;15.04;50.0;0.0;1627.0;214.3;0.0;7.59;214.0;243.5
2014-10-12 10:21:07:664;3129.0;20008.0;2.4;0.0;244.2;12.69;7.45;49.99;0.0;3220.0;1593.0;3137.0;10.3;15.05;50.0;0.01;1627.0;214.3;95.0;7.6;213.9;243.7
2014-10-12 10:21:12:671;3133.0;20008.0;2.4;0.0;244.1;12.58;7.45;49.99;0.0;3222.0;1594.0;3144.0;10.4;15.04;50.0;0.01;1628.0;214.4;0.0;7.59;214.1;243.8
2014-10-12 10:21:17:679;3134.0;20008.0;2.4;0.0;244.1;12.51;7.45;49.98;0.0;3225.0;1596.0;3141.0;10.4;15.05;50.0;0.0;1629.0;214.5;0.0;7.6;214.2;243.9
2014-10-12 10:21:22:686;3134.0;20008.0;2.4;0.0;244.1;12.57;7.45;49.99;0.0;3228.0;1597.0;3142.0;10.3;15.04;50.0;0.0;1631.0;214.8;0.0;7.59;214.4;244.0
2014-10-12 10:21:27:694;3138.0;20008.0;2.4;0.0;244.1;12.61;7.43;50.0;0.0;3228.0;1597.0;3137.0;10.3;15.01;50.0;0.01;1631.0;215.8;0.0;7.58;215.5;243.7
2014-10-12 10:21:32:701;3140.0;20008.0;2.4;0.0;244.1;12.59;7.36;50.01;0.0;3226.0;1596.0;3150.0;10.3;14.86;50.0;0.01;1630.0;217.5;0.0;7.5;217.2;243.8
2014-10-12 10:21:37:708;3135.0;20008.0;2.4;0.0;244.1;12.49;7.46;50.02;0.0;3226.0;1596.0;3144.0;10.3;15.07;50.0;0.01;1630.0;214.3;0.0;7.61;214.0;244.2
2014-10-12 10:21:42:715;3133.0;20008.0;2.4;0.0;244.1;12.73;7.46;50.04;0.0;3227.0;1597.0;3133.0;10.4;15.07;50.0;0.0;1630.0;214.3;16.0;7.61;214.0;244.3
2014-10-12 10:21:47:722;3135.0;20008.0;2.4;0.0;244.1;12.68;7.47;50.06;0.0;3230.0;1598.0;3145.0;10.3;15.08;50.0;0.01;1632.0;214.3;0.0;7.61;214.0;244.4
2014-10-12 10:21:52:729;3131.0;20008.0;2.4;0.0;244.1;12.85;7.47;50.07;0.0;3232.0;1599.0;3148.0;10.4;15.09;50.0;0.01;1633.0;214.4;10.0;7.62;214.0;244.4
2014-10-12 10:21:57:736;3137.0;20008.0;2.4;0.0;244.1;12.5;7.32;50.06;0.0;3226.0;1596.0;3138.0;10.4;14.78;50.0;0.0;1630.0;218.3;0.0;7.46;217.9;244.4
2014-10-12 10:22:02:743;3127.0;20008.0;2.4;0.0;244.1;12.92;7.47;50.05;0.0;3224.0;1595.0;3140.0;10.3;15.08;50.0;0.01;1629.0;214.2;0.0;7.61;213.8;244.0
2014-10-12 10:22:07:751;3134.0;20008.0;2.4;0.0;244.1;12.58;7.45;50.03;0.0;3226.0;1596.0;3142.0;10.3;15.04;50.0;0.01;1630.0;214.7;0.0;7.59;214.4;243.7
2014-10-12 10:22:12:758;3131.0;20008.0;2.4;0.0;244.1;12.63;7.48;50.03;0.0;3224.0;1595.0;3134.0;10.4;15.11;50.0;0.01;1629.0;215.9;0.0;7.63;215.5;243.8
2014-10-12 10:22:17:765;3123.0;20008.0;2.7;0.0;244.1;12.75;7.49;50.06;0.0;3224.0;1595.0;3145.0;10.3;15.13;50.0;0.01;1629.0;213.4;0.0;7.64;213.0;244.1
2014-10-12 10:22:22:772;3134.0;20008.0;2.7;0.0;244.1;12.66;7.45;50.04;0.0;3223.0;1595.0;3126.0;10.4;15.05;50.0;0.0;1628.0;214.4;53.0;7.6;214.0;243.9
2014-10-12 10:22:27:779;3122.0;20008.0;2.7;0.0;244.1;12.85;7.45;50.01;0.0;3223.0;1595.0;3138.0;10.3;15.05;50.0;0.01;1628.0;214.3;11.0;7.6;214.0;243.5
2014-10-12 10:22:32:787;3126.0;20008.0;2.8;0.0;244.0;12.8;7.46;49.99;0.0;3224.0;1595.0;3125.0;10.4;15.06;50.0;0.01;1629.0;214.3;0.0;7.6;214.0;243.9
2014-10-12 10:22:37:794;3126.0;20008.0;2.7;0.0;244.0;12.85;7.46;50.02;0.0;3226.0;1596.0;3140.0;10.3;15.07;50.0;0.01;1630.0;214.4;16.0;7.61;214.0;243.9
2014-10-12 10:22:42:802;3131.0;20008.0;2.7;0.0;244.0;12.91;7.47;50.01;0.0;3228.0;1597.0;3140.0;10.4;15.08;50.0;0.0;1631.0;214.3;0.0;7.61;213.9;243.7
2014-10-12 10:22:47:810;3135.0;20008.0;2.9;0.0;244.0;12.93;7.46;49.99;0.0;3229.0;1598.0;3131.0;10.4;15.07;50.0;0.01;1631.0;214.5;0.0;7.61;214.1;243.8
2014-10-12 10:22:52:818;3130.0;20008.0;2.7;0.0;244.0;12.96;7.48;50.0;0.0;3230.0;1598.0;3131.0;10.4;15.11;50.0;0.01;1632.0;216.2;0.0;7.63;215.8;244.0
2014-10-12 10:22:57:825;3136.0;20008.0;2.7;0.0;244.0;12.91;7.53;50.0;0.0;3232.0;1599.0;3137.0;10.4;15.2;50.0;0.01;1633.0;212.8;0.0;7.67;212.4;243.8
2014-10-12 10:23:02:833;3129.0;20008.0;2.7;0.0;244.0;12.83;7.44;50.03;0.0;3231.0;1599.0;3153.0;10.3;15.02;50.0;0.0;1632.0;215.3;0.0;7.58;214.9;244.2
2014-10-12 10:23:07:841;3144.0;20008.0;2.7;0.0;244.0;12.56;7.48;50.02;0.0;3232.0;1599.0;3156.0;10.4;15.1;50.0;0.01;1633.0;214.3;0.0;7.62;213.9;244.1
2014-10-12 10:23:12:849;3145.0;20008.0;2.9;0.0;244.0;12.55;7.48;50.0;0.0;3233.0;1600.0;3142.0;10.5;15.1;50.0;0.01;1633.0;214.3;0.0;7.62;214.0;244.1
2014-10-12 10:23:17:856;3144.0;20008.0;2.8;0.0;244.0;12.58;7.48;50.01;0.0;3234.0;1600.0;3145.0;10.5;15.11;50.0;0.0;1634.0;214.4;0.0;7.63;214.0;243.9
2014-10-12 10:23:22:864;3143.0;20008.0;2.7;0.0;244.0;12.56;7.48;50.0;0.0;3234.0;1600.0;3150.0;10.4;15.11;50.0;0.01;1634.0;214.3;0.0;7.63;213.9;243.5
2014-10-12 10:23:27:872;3142.0;20008.0;2.7;0.0;244.0;12.58;7.48;50.02;0.0;3236.0;1601.0;3141.0;10.4;15.11;50.0;0.01;1635.0;214.4;18.0;7.63;214.0;244.1
2014-10-12 10:23:32:880;3135.0;20008.0;2.7;0.0;244.0;12.82;7.41;50.02;0.0;3234.0;1600.0;3143.0;10.4;14.97;50.0;0.01;1634.0;216.3;95.0;7.56;215.9;244.0
2014-10-12 10:23:37:887;3137.0;20008.0;2.6;0.0;244.0;12.91;7.55;50.03;0.0;3236.0;1601.0;3150.0;10.3;15.24;50.0;0.01;1635.0;212.5;0.0;7.69;212.1;244.0
2014-10-12 10:23:42:895;3141.0;20008.0;2.5;0.0;244.0;12.51;7.43;50.04;0.0;3236.0;1601.0;3150.0;10.4;15.0;50.0;0.01;1635.0;215.9;0.0;7.57;215.5;244.3
2014-10-12 10:23:47:903;3137.0;20008.0;2.6;0.0;244.0;12.84;7.52;50.04;0.0;3238.0;1602.0;3140.0;10.4;15.19;50.0;0.01;1636.0;213.4;5.0;7.67;213.0;244.2
2014-10-12 10:23:52:911;3139.0;20008.0;2.5;0.0;244.0;12.9;7.48;50.02;0.0;3234.0;1600.0;3157.0;10.3;15.1;50.0;0.01;1634.0;214.4;0.0;7.62;214.0;244.0
2014-10-12 10:23:57:919;3142.0;20008.0;2.6;0.0;244.0;12.76;7.48;50.02;0.0;3234.0;1600.0;3153.0;10.3;15.11;51.0;0.01;1634.0;214.4;0.0;7.63;214.0;244.0
2014-10-12 10:24:02:926;3149.0;20008.0;2.6;0.0;244.0;12.62;7.48;50.01;0.0;3236.0;1601.0;3152.0;10.3;15.11;51.0;0.01;1635.0;214.3;0.0;7.63;214.0;243.8
2014-10-12 10:24:07:934;3147.0;20008.0;2.5;0.0;244.0;12.58;7.48;50.01;0.0;3234.0;1600.0;3159.0;10.4;15.1;51.0;0.01;1634.0;214.4;0.0;7.62;214.0;243.4
2014-10-12 10:24:12:942;3141.0;20008.0;2.6;0.0;244.0;12.54;7.4;49.99;0.0;3232.0;1599.0;3154.0;10.4;14.95;51.0;0.01;1633.0;216.3;2.0;7.55;215.9;243.6
2014-10-12 10:24:17:950;3140.0;20008.0;2.7;0.0;244.0;12.62;7.54;49.97;0.0;3234.0;1600.0;3153.0;10.4;15.23;51.0;0.01;1634.0;212.4;0.0;7.69;212.0;243.3
2014-10-12 10:24:22:957;3132.0;20008.0;2.7;0.0;244.0;12.82;7.41;49.97;0.0;3234.0;1600.0;3144.0;10.3;14.97;51.0;0.02;1634.0;216.2;0.0;7.56;215.9;243.1
2014-10-12 10:24:27:965;3140.0;20008.0;2.7;0.0;244.0;12.98;7.54;49.99;0.0;3236.0;1601.0;3151.0;10.3;15.23;51.0;0.0;1635.0;212.6;0.0;7.69;212.3;243.9
2014-10-12 10:24:32:973;3141.0;20008.0;2.7;0.0;244.0;12.86;7.44;50.0;0.0;3236.0;1601.0;3145.0;10.4;15.02;51.0;0.01;1635.0;215.7;108.0;7.58;215.3;244.0
2014-10-12 10:24:37:980;3136.0;20008.0;2.9;0.0;244.0;12.88;7.51;50.0;0.0;3238.0;1602.0;3150.0;10.4;15.16;51.0;0.01;1636.0;213.9;16.0;7.65;213.5;244.1
